page,claim,verdict,tags,date,author,source_list,source_url,value,name
https://www.snopes.com/fact-check/girl-disconnect-life-support-plug-in-charger/,a young girl disconnected her grandfather's life support in order to charge her mobile phone.,false,"['buzzflare', 'cell phones', 'el mundo today', 'Elite Readers', 'Ideas Fun', 'Rachfeed', 'satire', 'spain', 'The Alternative Mind', 'Tribunnews.com']",2017/11/01,Dan Evon,"['http://www.thealternativemind.net/2017/10/young-girl-disconnects-her-grandpas.html', 'https://archive.is/EUuF6', 'https://archive.is/XLHhS', 'https://archive.is/4MYCl', 'https://archive.is/FeZdy', 'https://archive.is/rnE0b', 'https://archive.is/PFBku', 'https://archive.is/aAmuy']",https://archive.is/aAmuy,2,Manuel
https://www.snopes.com/fact-check/girl-disconnect-life-support-plug-in-charger/,a young girl disconnected her grandfather's life support in order to charge her mobile phone.,false,"['buzzflare', 'cell phones', 'el mundo today', 'Elite Readers', 'Ideas Fun', 'Rachfeed', 'satire', 'spain', 'The Alternative Mind', 'Tribunnews.com']",2017/11/01,Dan Evon,"['http://www.thealternativemind.net/2017/10/young-girl-disconnects-her-grandpas.html', 'https://archive.is/EUuF6', 'https://archive.is/XLHhS', 'https://archive.is/4MYCl', 'https://archive.is/FeZdy', 'https://archive.is/rnE0b', 'https://archive.is/PFBku', 'https://archive.is/aAmuy']",https://archive.is/XLHhS,1,Manuel
https://www.snopes.com/fact-check/tilapia-mutant-fish/,"tilapia is a boneless, skinless, ""mutant"" fish that is full of cancer-causing dioxins, is worse to eat than bacon or hamburger, and is killing our families.",mostly false,"['bad science memes', 'fish', 'tilapia']",2018/04/12,David Emery,"['https://www.ncbi.nlm.nih.gov/pmc/articles/PMC2702431/', 'https://draxe.com/eating-tilapia-is-worse-than-eating-bacon/', 'https://web.archive.org/web/20081120163448/http://www.sanfordhealth.org/VisitorsPatients/HealthResources/HealthArticles/', 'https://www.indiamart.com/proddetail/tilapia-fish-15888048848.html', 'http://helterskeletons.com/tilapia/', 'https://www.seafoodhealthfacts.org/description-top-commercial-seafood-items/tilapia', 'https://www.health.harvard.edu/newsletter_article/Flap_over_tilapia_sends_the_wrong_message']",https://draxe.com/eating-tilapia-is-worse-than-eating-bacon/,1,Manuel
https://www.snopes.com/fact-check/suge-knight-dead/,"in april 2018, suge knight was stabbed to death in prison.",false,"['brightfeed', 'brightfeed.me', 'celebrity death hoaxes', 'suge knight']",2018/04/18,Dan MacGuill,"['https://www.imdb.com/title/tt0096895/fullcredits?ref_=tt_cl_sm#cast', 'https://www.cnn.com/2015/04/30/entertainment/suge-knight-murder-court-trial/index.html', 'http://archive.is/3DqMo#selection-197.14-197.181', 'https://app5.lasd.org/iic/details.cfm']",http://archive.is/3DqMo#selection-197.14-197.181,1,Manuel
https://www.snopes.com/fact-check/mitch-mcconnell-polio-government-healthcare/,the u.s. government funded mitch mcconnell's care and rehabilitation when he had polio as a child.,false,"['death and taxes', 'healthcare', 'mitch mcconnell', 'occupy democrats', 'polio', 'trumpcare']",2017/06/23,Dan MacGuill,"['http://archive.is/4OXWd', 'https://data.bls.gov/cgi-bin/cpicalc.pl?cost1=1%2C350%2C030&year1=193801&year2=201705', 'http://www.augustahealth.org/roosevelt-warm-springs/history-of-roosevelt-warm-springs', 'http://archive.is/9ik3l', 'https://play.google.com/books/reader?id=9cO3CgAAQBAJ&printsec=frontcover&output=reader&hl=en&pg=GBS.PA6', 'https://gvs.georgia.gov/roosevelt-warm-springs-0', 'http://archive.is/2iq2Q']",http://archive.is/4OXWd,1,Manuel
https://www.snopes.com/fact-check/animal-brothels-open-germany-migrant-population-hits-22-percent/,animal brothels opened in germany amidst a surge of immigration.,false,"['bestiality', 'germany', 'immigration', 'sex with animals', 'zoophilia']",2017/12/28,Dan Evon,"['https://archive.is/Lw51x', 'https://www.merriam-webster.com/dictionary/second-generation', 'https://www.nbcnews.com/news/world/bestiality-ban-legitimate-german-court-rules-n520676']",https://archive.is/Lw51x,1,Manuel
https://www.snopes.com/fact-check/emma-gonzalez-shooter-bullying/,parkland mass shooting survivor emma gonzÃ¡lez admitted to bullying a former student who later killed seventeen people.,false,"['Common Sense Conservative', 'disinformation', 'emma gonzalez', 'louder with crowder', 'parkland shooting', 'reddit']",2018/03/28,Arturo Garcia,"['http://archive.is/6KSYf', 'https://www.cnn.com/2018/02/16/us/exclusive-school-shooter-instagram-group/index.html', 'http://archive.is/bG43m', 'https://www.cnn.com/2018/02/17/us/florida-student-emma-gonzalez-speech/index.html']",http://archive.is/6KSYf,1,Manuel
https://www.snopes.com/fact-check/fbi-raid-retirement-home/,the fbi raided a retirement home to break up an elderly fight club.,false,['world news daily report'],2019/01/28,Dan Evon,['http://archive.fo/47nKV'],http://archive.fo/47nKV,1,Manuel
https://www.snopes.com/fact-check/imperfect-recall/,cocacola is recalling millions of bottles of coke with the name michael on the label.,false,['Not Necessarily The News'],,David Mikkelson,['https://archive.today/PVfGv'],https://archive.today/PVfGv,1,Manuel
https://www.snopes.com/fact-check/schools-removing-analog-clocks/,schools are removing analog clocks because students no longer know how to tell time.,mostly false,[''],2018/05/08,Kim LaCapria,['https://www.telegraph.co.uk/education/2018/04/24/schools-removing-analogue-clocks-exam-halls-teenagers-unable/'],https://www.telegraph.co.uk/education/2018/04/24/schools-removing-analogue-clocks-exam-halls-teenagers-unable/,1,Manuel
https://www.snopes.com/fact-check/donald-trump-jesus-muslims/,donald trump said that he doesn't like muslims because they killed jesus.,false,"['donald trump', 'jesus', 'muslim']",2016/03/30,Dan Evon,['http://eveningharold.com/2016/03/26/donald-trump-says-hes-never-forgiven-the-muslims-for-killing-jesus/'],http://eveningharold.com/2016/03/26/donald-trump-says-hes-never-forgiven-the-muslims-for-killing-jesus/,1,Manuel
https://www.snopes.com/fact-check/we-stand-by-you/,u.s. naval officer's letter describes a 'manning the rails' ceremony performed by a german destroyer.,true,['9/11 attacks'],2001/11/09,David Mikkelson,['http://web.archive.org/web/20011008091129/http://www.chinfo.navy.mil/navpalib/news/news_stories/pentstruck19.html'],http://web.archive.org/web/20011008091129/http://www.chinfo.navy.mil/navpalib/news/news_stories/pentstruck19.html,4,Manuel
https://www.snopes.com/fact-check/brock-turners-father-no-punishment/,brock turner's father lamented that that the victim in his son's sexual assault case received no punishment.,false,"['brock turner', 'newslo']",2016/09/09,Kim LaCapria,['http://archive.is/O4JAo'],http://archive.is/O4JAo,1,Manuel
https://www.snopes.com/fact-check/did-man-lock-head-cage/,a russian man locked his head in a cage in an attempt to stop smoking.,mostly true,"['HÃ¼rriyet Daily News', 'russia', 'smoking', 'turkey']",2018/04/26,Dan Evon,['http://www.hurriyetdailynews.com/turkish-man-wears-helmet-like-head-cage-to-quit-smoking-49849'],http://www.hurriyetdailynews.com/turkish-man-wears-helmet-like-head-cage-to-quit-smoking-49849,1,Manuel
https://www.snopes.com/fact-check/clinton-votes-found-in-warehouse/,thousands of pre-marked ballots for hillary clinton and other democratic candidates were found in a warehouse in ohio.,false,"['christian times newspaper', 'election 2016', 'hillary clinton', 'ohio', 'voter fraud']",2016/09/30,Dan Evon,['http://archive.is/5lfHH'],http://archive.is/5lfHH,1,Manuel
https://www.snopes.com/fact-check/brandon-victor-dixon-tweet/,"'hamilton' actor brandon victor dixon sent a controversial tweet in 2012, uncovered after he delivered an on-stage speech to vice president-elect mike pence.",true,"['boycotthamilton', 'brandon victor dixon', 'hamilton', 'mike pence', 'twitter controversy']",2016/11/21,Kim LaCapria,['http://archive.is/j8kc7'],http://archive.is/j8kc7,4,Manuel
https://www.snopes.com/fact-check/servers-clinton-house-fire/,the fbi was on its way to a residence owned by the clintons when a fire destroyed a room full of servers and hard drives.,false,"['bill clinton', 'chappaqua', 'hillary clinton', 'the last line of defense', 'your news wire']",2018/01/05,Dan Evon,"['https://archive.is/JSeZH', 'http://archive.is/7LF32', 'https://archive.is/ZmUvW', 'https://www.krollontrack.com/services/data-recovery/fires/']",https://archive.is/ZmUvW,3,bianca
https://www.snopes.com/fact-check/did-pope-francis-cancel-the-bible/,pope francis cancelled the bible and proposed the creation of a new holy book.,false,"['bible', 'catholic church', 'catholicism', 'pope francis', 'there is news']",2018/04/09,Dan Evon,"['https://www.cnn.com/2015/01/19/living/pope-said-what/index.html', 'https://www.usatoday.com/story/news/world/2014/01/20/pope-goes-kosher/4668815/', 'https://archive.li/SQOdA', 'https://archive.li/ZqD5w', 'https://www.gettyimages.com/photos/pope-francis-yad-vashem?groupbyevent=true&family=editorial&phrase=pope%20francis%20yad%20vashem&sort=mostpopular#license']",https://archive.li/SQOdA,1,bianca
https://www.snopes.com/fact-check/plastic-rice-from-china/,"consumers should be aware of plastic rice from china that is difficult to discern from ""real rice.""",false,[''],2016/10/26,Kim LaCapria,"['http://web.archive.org/web/20110210110944/http://www.weeklyhk.com/news.php?code=&mode=view&num=10793', 'http://www.washingtonpost.com/wp-dyn/content/article/2007/07/19/AR2007071901138.html', 'https://www.facebook.com/eatLocalGrown/posts/1174611285965268?match=cGxhc3RpYyByaWNlLHBsYXN0aWMscmljZQ%3D%3D', 'http://archive.is/nvr0o', 'https://en.wikipedia.org/wiki/Artificial_rice', 'http://archive.is/nAoRP', 'https://www.thecable.ng/no-plastic-rice-in-nigeria-say-adewole-nafdac']",http://archive.is/nvr0o,4,bianca
https://www.snopes.com/fact-check/did-man-receive-153000-bill-rattlesnake/,"a man received a $153,000 hospital bill after a bite he sustained from a rattlesnake that he was attempting to take a selfie with.",true,"['healthcare', 'insurance', 'Medical', 'snake', 'snake bite']",2018/04/27,Alex Kasprak,"['https://time.com/2897/north-carolina-hospital-bill-snake-bite/', 'https://emedicine.medscape.com/article/771455-workup', 'https://web.archive.org/web/20160331220111/http://www.10news.com:80/news/mans-ordeal-stirs-debate-on-cost-of-treating-rattlesnake-bites', 'https://www.ncbi.nlm.nih.gov/pubmed/15942342', 'https://www.nbcwashington.com/news/local/Snake-Bite-Victim-Gets-55K-Hospital-Bill-218891991.html', 'https://www.cbsnews.com/news/rattlesnake-selfie-results-in-a-153k-medical-bill/', 'https://www.washingtonpost.com/news/wonk/wp/2015/07/20/this-153000-rattlesnake-bite-is-everything-wrong-with-american-health-care/?utm_term=.11f92a7af1dc']",https://www.cbsnews.com/news/rattlesnake-selfie-results-in-a-153k-medical-bill/,1,bianca
https://www.snopes.com/fact-check/water-filtration-oysters/,one oyster can filter more than 50 gallons of water in 24 hours.,true,['oysters'],2018/07/30,Alex Kasprak,"['https://chesapeakebay.noaa.gov/fish-facts/oysters', 'https://twistedsifter.com/2014/10/two-tanks-filled-with-same-water-one-has-oysters/', 'https://www.npr.org/sections/thesalt/2016/07/31/488122810/the-oysters-mighty-comeback-is-creating-cleaner-u-s-waterways', 'http://www.ucmp.berkeley.edu/taxa/inverts/mollusca/bivalvia.php', 'http://seafood.maryland.gov/']",https://twistedsifter.com/2014/10/two-tanks-filled-with-same-water-one-has-oysters/,3,bianca
https://www.snopes.com/fact-check/banks-wrongfully-convicted-rape/,star football player brian banks was convicted of raping a woman who confessed on facebook that she fabricated her accusation -- after he served six years in prison.,mostly true,['sexual assault'],2018/02/02,Arturo Garcia,"['https://www.nbclosangeles.com/news/local/Woman-Falsely-Accused-Brian-Banks-Rape-Ordered-to-Pay-26M-211689741.html', 'https://www.nsvrc.org/', 'https://www.nsvrc.org/publications/false-reporting-overview', 'https://californiainnocenceproject.org/', 'https://thegrio.com/2017/12/19/brian-banks-final-appeal/']",https://thegrio.com/2017/12/19/brian-banks-final-appeal/,1,bianca
https://www.snopes.com/fact-check/giant-skeleton-uncovered-saudi-arabia/,the skeleton of a giant human was uncovered during gas exploration in saudi arabia.,false,"['giant skeletons', 'Oddities']",2004/06/21,David Mikkelson,"['http://web.archive.org/web/20070923000428/http://anwary-islam.com/prophet-story/hud.htm', 'http://www.worth1000.com', 'http://www-news.uchicago.edu/releases/photos/expedition/excavation.jpg', 'http://web.archive.org/web/20030710000140/http://www.worth1000.com/cache/contest/contestcache.asp?contest_id=447&display=photoshop', 'http://web.archive.org/web/20070408155104/http://www.auburn.edu/academic/classes/zy/0301/Topic4/Topic4.html#square', 'http://web.archive.org/web/20040515120309/http://nation.ittefaq.com/artman/publish/article_8519.shtml']",http://web.archive.org/web/20040515120309/http://nation.ittefaq.com/artman/publish/article_8519.shtml,1,brian.walsh
https://www.snopes.com/fact-check/illegal-immigrant-benefits/,"undocumented immigrants in the united states receive a job, a driver's license, food stamps, health care, housing, education, a ""tax-free business for seven years,"" and ""child benefits.""",mostly false,"['daca', 'immigration', 'undocumented immigrants']",2018/01/16,Dan MacGuill,"['https://www.facebook.com/john.atteberry.39/posts/1716569525059940', 'https://www.migrationpolicy.org/data/unauthorized-immigrant-population/state/US', 'https://www.law.cornell.edu/uscode/text/8/1324a', 'https://www.kff.org/disparities-policy/fact-sheet/health-coverage-of-immigrants/', 'https://www.nilc.org/issues/economic-support/overview-immeligfedprograms/', 'https://www.facebook.com/standupforaustraliamelbourne/posts/896679370470605', 'https://itep.org/immigration/', 'https://www.americanimmigrationcouncil.org/research/plyler-v-doe-public-education-immigrant-students']",https://www.facebook.com/john.atteberry.39/posts/1716569525059940,1,brian.walsh
https://www.snopes.com/fact-check/holistic-doctor-death-conspiracy/,"in just over a year, more than sixty holistic health practitioners have died suspicious deaths, and the media refuses to acknowledge that these deaths might be linked.",false,['holistic doctors'],2017/05/03,Alex Kasprak,"['https://www.washingtonpost.com/news/morning-mix/wp/2015/06/29/anti-vaccine-doctor-behind-dangerous-autism-therapy-found-dead-family-cries-foul/?utm_term=.0834c8957c75', 'http://archive.is/KTYF4#selection-2089.0-2089.419', 'http://archive.is/Mr4Yv#selection-1165.1-1165.31', 'http://archive.is/G2ETU#selection-2263.97-2269.47', 'http://archive.is/Yprep#selection-1497.0-1497.181', 'http://archive.is/OKVyp#selection-1507.141-1507.301', 'http://archive.is/NJF46#selection-3091.1-3091.78', 'http://archive.is/Z4qAr#selection-1537.0-1547.17', 'https://www.washingtonpost.com/news/morning-mix/wp/2015/07/16/the-mysterious-death-of-a-doctor-who-peddled-autism-cures-to-thousands/?utm_term=.d8baa7fd7f52', 'http://archive.is/7jkgd#selection-1495.16-1501.381', 'http://archive.is/ZqTaB#selection-1501.0-1501.337', 'http://archive.is/DpGM6', 'http://archive.is/KTYF4', 'http://archive.is/2VzEx', 'http://archive.is/LlkC1', 'http://archive.is/QCrC3#selection-2289.0-2289.261', 'http://archive.is/2IIrU', 'http://archive.is/5H3fq#selection-2269.0-2281.75', 'http://www.post-gazette.com/local/north/2015/08/13/Doctor-64-found-dead-in-her-home-in-Sharon/stories/201508130213', 'http://archive.is/M9dua', 'http://www.uticaod.com/news/20160928/hearing-reveals-details-in-case-of-woman-charged-with-killing-boss', 'https://docs.google.com/spreadsheets/d/1cmo-q6nPBKe08_sWLie8i-XhSmWxTFDi-HiN2m2rnoU/edit?usp=sharing', 'http://archive.is/MlnZW#selection-1495.161-1498.2', 'http://archive.is/HfPUz#selection-4743.0-4755.364', 'http://archive.is/7jSgX#selection-1493.250-1499.74', 'http://archive.is/tUlCA', 'http://archive.is/jhG10#selection-3143.0-3183.225', 'http://archive.is/wAf9k', 'https://www.slu.edu/news/2017/february/mark-buller-obituary.php', 'http://archive.is/Z4qAr', 'http://www.kens5.com/news/local/bpd-body-found-near-car-accident/121622312', 'http://archive.is/Z4qAr#selection-1519.26-1519.60', 'http://archive.is/L9LBD#selection-1533.0-1533.171', 'https://www.usatoday.com/story/news/nation/2015/08/18/wis-doctor-who-went-missing-after-fight-wife-ruled-suicide/31953919/', 'http://archive.is/g06P9', 'http://archive.is/NJF46', 'http://archive.is/gfKiA#selection-1515.0-1515.78', 'http://archive.is/D212b#selection-2351.0-2369.314', 'http://archive.is/AznNX#selection-1577.282-1607.140', 'http://archive.is/wMDBy', 'http://bigstory.ap.org/article/2229e31ab99a4e40a0395e0974f782f2/california-man-charged-killing-herbalist-wife-child', 'http://archive.is/nIF7O#selection-739.517-739.695', 'http://archive.is/0EIsj#selection-1521.0-1527.79', 'http://archive.is/HtRLT#selection-1709.0-1715.291', 'http://archive.is/g30x8', 'http://archive.is/Z4qAr#selection-2631.0-2631.213', 'http://archive.is/DjWyE#selection-1629.0-1647.103', 'http://archive.is/XGqYl']",http://archive.is/NJF46#selection-3091.1-3091.78,1,brian.walsh
https://www.snopes.com/fact-check/parents-sue-planned-parenthood/,a couple sued planned parenthood for child support over a failed abortion.,mostly true,['planned parenthood'],2019/03/01,Bethania Palma,"['https://archive.fo/RF4F3#selection-1185.4-1203.35', 'https://mediabiasfactcheck.com/life-site-news/', 'https://www.abqjournal.com/1283291/couple-file-lawsuit-after-failed-abortion-attempt.html', 'https://www.guttmacher.org/fact-sheet/state-facts-about-abortion-idaho']",https://archive.fo/RF4F3#selection-1185.4-1203.35,1,brian.walsh
https://www.snopes.com/fact-check/parents-sue-planned-parenthood/,a couple sued planned parenthood for child support over a failed abortion.,mostly true,['planned parenthood'],2019/03/01,Bethania Palma,"['https://archive.fo/RF4F3#selection-1185.4-1203.35', 'https://mediabiasfactcheck.com/life-site-news/', 'https://www.abqjournal.com/1283291/couple-file-lawsuit-after-failed-abortion-attempt.html', 'https://www.guttmacher.org/fact-sheet/state-facts-about-abortion-idaho']",https://www.abqjournal.com/1283291/couple-file-lawsuit-after-failed-abortion-attempt.html,1,brian.walsh
https://www.snopes.com/fact-check/new-york-ice-agent-suicide-note/,an immigration and customs enforcement (ice) agent left a suicide note warning of looming mass disarmament and collapse in the united states.,false,"['FEMA camps', 'hal turner', 'immigration and customs enforcement', 'superstation95']",2016/05/09,Kim LaCapria,['http://archive.is/m9T3E'],http://archive.is/m9T3E,1,brian.walsh
https://www.snopes.com/fact-check/plastic-rice-from-china/,"consumers should be aware of plastic rice from china that is difficult to discern from ""real rice.""",false,[''],2016/10/26,Kim LaCapria,"['http://web.archive.org/web/20110210110944/http://www.weeklyhk.com/news.php?code=&mode=view&num=10793', 'http://www.washingtonpost.com/wp-dyn/content/article/2007/07/19/AR2007071901138.html', 'https://www.facebook.com/eatLocalGrown/posts/1174611285965268?match=cGxhc3RpYyByaWNlLHBsYXN0aWMscmljZQ%3D%3D', 'http://archive.is/nvr0o', 'https://en.wikipedia.org/wiki/Artificial_rice', 'http://archive.is/nAoRP', 'https://www.thecable.ng/no-plastic-rice-in-nigeria-say-adewole-nafdac']",http://archive.is/nAoRP,1,brian.walsh
https://www.snopes.com/fact-check/cvs/,cvs pharmacy had an issue with an employee wearing ties bearing religious symbolism at one of their virginia outlets.,true,[],,David Mikkelson,['https://www.facebook.com/betty.melton.35/posts/10201127964339745'],https://www.facebook.com/betty.melton.35/posts/10201127964339745,1,Mama29
https://www.snopes.com/fact-check/milk-bone-facebook-warning/,milk-bone dog treats cause cancer in one of every two dogs that eat them.,false,[''],2016/03/25,Kim LaCapria,['http://www.dogfoodadvisor.com/red-flag-ingredients/bha-in-dog-food/'],http://www.dogfoodadvisor.com/red-flag-ingredients/bha-in-dog-food/,2,Mama29
https://www.snopes.com/fact-check/pastor-scarborough-cancer/,"pastor rick scarborough asserted that breast cancer is caused by women's ""dirty"" thoughts.",false,"['breast cancer', 'cancer', 'newslo', 'politicalo', 'politicops', 'rick scarborough']",,Kim LaCapria,['https://archive.is/NCZhZ'],https://archive.is/NCZhZ,1,Mama29
https://www.snopes.com/fact-check/newport-introduces-marijuana-cigarettes-on-sale-worldwide/,"newport developed marijuana cigarettes which will be available for purchase ""next year.""",false,"['marijuana', 'tmz world news']",2016/12/08,Kim LaCapria,['http://archive.is/iS4Tu'],http://archive.is/iS4Tu,1,Mama29
https://www.snopes.com/fact-check/pay-bridge-electrical-bill/,"a kentucky business owner found out he had been paying the electric bills of an ohio river bridge, in addition to his own, for five months.",true,"['electric bill', 'kentucky', 'ostension']",2018/05/01,Alex Kasprak,"['https://www.cincinnati.com/story/news/local/covington/2018/04/30/man-finds-out-he-pays-ohio-river-bridges-electric-bill/565627002/', 'http://archive.is/Etrpx']",https://www.cincinnati.com/story/news/local/covington/2018/04/30/man-finds-out-he-pays-ohio-river-bridges-electric-bill/565627002/,1,Mama29
https://www.snopes.com/fact-check/nordstrom-selling-rock-leather-pouch-85/,"nordstrom sells a rock in a leather pouch for $85, and a smaller version for $65.",true,"['nordstrom', 'real', 'weird gifts']",2016/12/08,Kim LaCapria,"['http://archive.is/JLGVB', 'http://archive.is/oUC8F']",http://archive.is/JLGVB,2,Mama29
https://www.snopes.com/fact-check/move-over/,motorists in most u.s. states can be fined for failing to slow down or change lanes when passing parked emergency vehicles.,true,['Traffic'],,David Mikkelson,"['http://www.dmv.ca.gov/pubs/vctop/d11/vc21809.htm', 'http://www.leginfo.ca.gov/pub/05-06/bill/sen/sb_1601-1650/sb_1610_bill_20060920_chaptered.html']",http://www.leginfo.ca.gov/pub/05-06/bill/sen/sb_1601-1650/sb_1610_bill_20060920_chaptered.html,1,Mama29
https://www.snopes.com/fact-check/inmate-bible-last-meal/,a death row inmate named jeremy morris ate a bible as his last meal.,false,"['action news 3', 'last meal', 'world news daily report']",2017/04/28,Dan Evon,"['http://www.thesmokinggun.com/buster/scary-face-busted-again-876543', 'https://archive.is/cDzQV']",https://archive.is/cDzQV,2,Mama29
https://www.snopes.com/fact-check/trump-obama-cleaning-staff-drugs/,president trump's personal housekeeper found president obama's drug stash during a deep cleaning of the white house.,false,"['barack obama', 'donald trump', 'drugs', 'last line of defense', 'uspoliticsworld.com']",2017/05/23,Kim LaCapria,"['https://archive.is/akbrJ', 'https://archive.is/WsRem']",https://archive.is/akbrJ,1,Mama29
https://www.snopes.com/fact-check/have-children-fined-lemonade-stands/,"children have been fined for operating lemonade stands without a permit, or ordered to obtain expensive permits.",mostly true,"['fines', 'lemonade', 'lemonade stands']",2018/06/08,Kim LaCapria,"['https://www.cnn.com/2015/06/11/politics/lemonade-stand-shut-down-texas/index.html', 'https://www.bbc.com/news/uk-england-london-40679075']",https://www.cnn.com/2015/06/11/politics/lemonade-stand-shut-down-texas/index.html,1,Mama29
https://www.snopes.com/fact-check/nordstrom-selling-rock-leather-pouch-85/,"nordstrom sells a rock in a leather pouch for $85, and a smaller version for $65.",true,"['nordstrom', 'real', 'weird gifts']",2016/12/08,Kim LaCapria,"['http://archive.is/JLGVB', 'http://archive.is/oUC8F']",http://archive.is/oUC8F,1,Mama29
https://www.snopes.com/fact-check/head-of-purchasing/,"the u.s. government has purchased a stockpile of 30,000 guillotines.",false,['guillotines'],2013/06/30,David Mikkelson,"['http://archive.is/HWmri', 'http://educate-yourself.org/ps/confrimsguillotinesfortlewis28jun08.shtml']",http://archive.is/HWmri,1,Mama29
https://www.snopes.com/fact-check/cdc-doctor-flu-shot-dead/,"a cdc doctor who swarned the public that flu shots had caused a ""deadly flu epidemic"" was found dead:",false,"['cdc', 'centers for disease control and prevention', 'your news wire']",2018/04/09,David Mikkelson,"['http://archive.is/4kJDg', 'http://www.11alive.com/article/news/local/verify/verify-heres-why-the-missing-cdc-scientist-is-not-a-flu-vaccine-whistle-blower/85-526924985']",http://archive.is/4kJDg,1,Mama29
https://www.snopes.com/fact-check/republican-convention-gun-free-zone/,"the republican party has hypocritically declared their national convention to be a ""gun-free zone.""",false,"['cleveland', 'gun free zones', 'quicken arena', 'republicans', 'RNC']",2016/06/23,Kim LaCapria,"['https://www.change.org/p/quicken-loans-arena-allow-open-carry-of-firearms-at-the-quicken-loans-arena-during-the-rnc-convention-in-july-2', 'http://convention.gop/SMWT-Guide']",https://www.change.org/p/quicken-loans-arena-allow-open-carry-of-firearms-at-the-quicken-loans-arena-during-the-rnc-convention-in-july-2,1,Mama29
https://www.snopes.com/fact-check/harvey-weinstein-suicide/,"hollywood film producer and alleged sexual predator harvey weinstein shot and killed himself in a scottsdale, arizona, hotel room.",false,"['abcnewgo', 'celebrity death hoaxes', 'fake news', 'harvey weinstein']",2018/03/01,David Emery,['http://archive.is/TAUjG'],http://archive.is/TAUjG,1,Mama29
https://www.snopes.com/fact-check/planned-parenthood-employee-charged-using-aborted-babies-halloween-props/,a planned parenthood employee was arrested for using tissue from aborted fetuses as halloween decorations.,false,"['last line of defense', 'planned parenthood']",,Kim LaCapria,['https://archive.is/49jlQ'],https://archive.is/49jlQ,1,Mama29
https://www.snopes.com/fact-check/final-reward/,"charles ramsey said that the captive women he helped rescue, and not he, should receive a reward.",true,[],,David Mikkelson,['http://cnnpressroom.blogs.cnn.com/2013/05/07/transcript-video-charles-ramsey-ac360-exclusive-invu/'],http://cnnpressroom.blogs.cnn.com/2013/05/07/transcript-video-charles-ramsey-ac360-exclusive-invu/,1,Mama29
https://www.snopes.com/fact-check/man-arrested-finger-circle-officer/,"a man was arrested for showing an officer an ""a-ok"" hand sign during a traffic stop in an attempt to get the officer to play the ""finger circle"" game.",false,"['circle game', 'fake news', 'finger circle', 'huzlers']",2018/01/03,Dan Evon,"['https://www.urbandictionary.com/define.php?term=The%20Circle%20Game', 'https://archive.is/i3FXm#selection-3547.0-3547.86', 'https://www.huzlers.com/man-arrested-after-showing-officer-finger-circle-when-asked-for-his-license-registration/', 'http://clarksvillewtf.com/2011/12/clarksville-mugshots-man-up-edition/']",https://www.huzlers.com/man-arrested-after-showing-officer-finger-circle-when-asked-for-his-license-registration/,1,lucas
https://www.snopes.com/fact-check/man-arrested-finger-circle-officer/,"a man was arrested for showing an officer an ""a-ok"" hand sign during a traffic stop in an attempt to get the officer to play the ""finger circle"" game.",false,"['circle game', 'fake news', 'finger circle', 'huzlers']",2018/01/03,Dan Evon,"['https://www.urbandictionary.com/define.php?term=The%20Circle%20Game', 'https://archive.is/i3FXm#selection-3547.0-3547.86', 'https://www.huzlers.com/man-arrested-after-showing-officer-finger-circle-when-asked-for-his-license-registration/', 'http://clarksvillewtf.com/2011/12/clarksville-mugshots-man-up-edition/']",https://archive.is/i3FXm#selection-3547.0-3547.86,1,lucas
https://www.snopes.com/fact-check/denaturalization-task-force/,"a new u.s. citizenship and immigration services task force is charged with identifying naturalized citizens who cheated on their applications and seeking the revocation of their citizenship, a process known as ""denaturalization.""",true,"['donald trump', 'immigration', 'USCIS']",2018/07/12,David Emery,"['https://www.justice.gov/opa/pr/justice-department-secures-first-denaturalization-result-operation-janus', 'https://apnews.com/1da389a535684a5f9d0da74081c242f3', 'https://www.npr.org/2018/07/04/625980910/white-house-launches-effort-to-take-citizenship-from-those-who-lied-to-get-it', 'https://www.justice.gov/opa/pr/united-states-files-denaturalization-complaints-florida-connecticut-and-new-jersey-against', 'https://www.justice.gov/usao-mdfl/pr/winter-haven-resident-convicted-obtaining-us-citizenship-fraud']",https://apnews.com/1da389a535684a5f9d0da74081c242f3,1,lucas
https://www.snopes.com/fact-check/denaturalization-task-force/,"a new u.s. citizenship and immigration services task force is charged with identifying naturalized citizens who cheated on their applications and seeking the revocation of their citizenship, a process known as ""denaturalization.""",true,"['donald trump', 'immigration', 'USCIS']",2018/07/12,David Emery,"['https://www.justice.gov/opa/pr/justice-department-secures-first-denaturalization-result-operation-janus', 'https://apnews.com/1da389a535684a5f9d0da74081c242f3', 'https://www.npr.org/2018/07/04/625980910/white-house-launches-effort-to-take-citizenship-from-those-who-lied-to-get-it', 'https://www.justice.gov/opa/pr/united-states-files-denaturalization-complaints-florida-connecticut-and-new-jersey-against', 'https://www.justice.gov/usao-mdfl/pr/winter-haven-resident-convicted-obtaining-us-citizenship-fraud']",https://www.npr.org/2018/07/04/625980910/white-house-launches-effort-to-take-citizenship-from-those-who-lied-to-get-it,3,lucas
https://www.snopes.com/fact-check/kamala-harris-jussie-smollett/,senator kamala harris is the aunt of actor jussie smollett.,false,"['Jussie Smollett', 'Kamala Harris']",2019/02/25,Dan Evon,"['https://www.newsweek.com/kevin-mccullough-kamala-harris-jussie-smollett-aunt-empire-conspiracy-theory-1342020', 'https://en.wikipedia.org/wiki/Tony_West_(attorney)', 'http://archive.fo/yN9UJ', 'https://www.washingtonpost.com/politics/i-am-who-i-am-kamala-harris-daughter-of-indian-and-jamaican-immigrants-defines-herself-simply-as-american/2019/02/02/0b278536-24b7-11e9-ad53-824486280311_story.html', 'https://www2.census.gov/topics/genealogy/2010surnames/Names_2010Census_Top1000.xlsx', 'https://www.oprahmag.com/entertainment/a25905360/kamala-harris-husband-douglas-emhoff/', 'http://archive.fo/rJs5S']",http://archive.fo/yN9UJ,1,lucas
https://www.snopes.com/fact-check/water-filtration-oysters/,one oyster can filter more than 50 gallons of water in 24 hours.,true,['oysters'],2018/07/30,Alex Kasprak,"['https://chesapeakebay.noaa.gov/fish-facts/oysters', 'https://twistedsifter.com/2014/10/two-tanks-filled-with-same-water-one-has-oysters/', 'https://www.npr.org/sections/thesalt/2016/07/31/488122810/the-oysters-mighty-comeback-is-creating-cleaner-u-s-waterways', 'http://www.ucmp.berkeley.edu/taxa/inverts/mollusca/bivalvia.php', 'http://seafood.maryland.gov/']",https://chesapeakebay.noaa.gov/fish-facts/oysters,1,lucas
https://www.snopes.com/fact-check/banks-wrongfully-convicted-rape/,star football player brian banks was convicted of raping a woman who confessed on facebook that she fabricated her accusation -- after he served six years in prison.,mostly true,['sexual assault'],2018/02/02,Arturo Garcia,"['https://www.nbclosangeles.com/news/local/Woman-Falsely-Accused-Brian-Banks-Rape-Ordered-to-Pay-26M-211689741.html', 'https://www.nsvrc.org/', 'https://www.nsvrc.org/publications/false-reporting-overview', 'https://californiainnocenceproject.org/', 'https://thegrio.com/2017/12/19/brian-banks-final-appeal/']",https://www.nbclosangeles.com/news/local/Woman-Falsely-Accused-Brian-Banks-Rape-Ordered-to-Pay-26M-211689741.html,1,lucas
https://www.snopes.com/fact-check/trump-subscription-box/,"in may 2017 president trump launched a monthly ""big league box"" subscription for campaign merchandise.",true,"['big league boxes', 'donald trump', 'subscription boxes']",2017/05/31,Kim LaCapria,"['https://donate.donaldjtrump.com/big-league-box-49?amount=49&utm_medium=Email&utm_source=ET_80&utm_campaign=20170529_432_BIg-League-Box_DonaldJTrumpCom_JFC&utm_content=GOP_Direct-Ask&additional%5Butm_content%5D=GOP_Direct-Ask_Text-Ask-1', 'https://t.co/41zUCxAlYA']",https://t.co/41zUCxAlYA,1,lucas
https://www.snopes.com/fact-check/kellyanne-conway-simplicity-pattern/,a gucci ensemble worn by trump counselor kellyanne conway to the inauguration closely resembled a 1970s 'simplicity' pattern.,false,"['doctored photos', 'inaccurate viral photos', 'kellyanne conway', 'simplicity pattern']",2017/01/25,Kim LaCapria,"['http://archive.is/NoBVF', 'http://www.finickypatterns.com/collections/simplicity-patterns/products/i1970s-dress-pattern-simplicity-6554-shirtwaist-dress-button-front-collar-bust-34-uncut', 'http://archive.is/M5SRj', 'http://archive.is/eOxh3', 'http://archive.is/vWkk8']",http://archive.is/NoBVF,1,lucas
https://www.snopes.com/fact-check/did-obama-administration-children-human-traffickers/,some immigrant children were placed with human traffickers during the obama administration.,true,"['immigrant children', 'immigration', 'trump administration', 'zero tolerance']",2018/06/20,Bethania Palma,"['https://archive.fo/rrnKf', 'https://archive.fo/hNE3p', 'https://wtkr.com/2018/06/16/doctors-saw-immigrant-kids-separated-from-their-parents-now-theyre-trying-to-stop-it/', 'https://www.washingtonpost.com/national/obama-administration-placed-children-with-human-traffickers-report-says/2016/01/28/39465050-c542-11e5-9693-933a4d31bcc8_story.html?utm_term=.4d26c10fca34', 'https://www.cnn.com/2018/06/12/us/immigration-separated-children-southern-border/index.html', 'https://archive.fo/AZz7d', 'https://www.propublica.org/article/children-separated-from-parents-border-patrol-cbp-trump-immigration-policy', 'https://www.marionstar.com/story/news/local/2018/04/23/pbs-air-film-investigating-labor-trafficking-ring-marion-county/542277002/', 'https://www.azcentral.com/story/news/politics/border-issues/2018/04/07/attorney-general-jeff-sessions-announces-new-illegal-immigration-policy/496190002/', 'https://rationalwiki.org/wiki/Whataboutism', 'https://www.justice.gov/opa/pr/leader-human-trafficking-organization-sentenced-over-15-years-exploiting-guatemalan-migrants', 'https://www.washingtonpost.com/news/post-nation/wp/2018/06/16/america-is-better-than-this-what-a-doctor-saw-in-a-texas-shelter-for-migrant-children/?utm_term=.a860ecbf9401', 'https://apnews.com/6e04c6ee01dd46669eddba9d3333f6d5']",https://archive.fo/AZz7d,1,lucas
https://www.snopes.com/fact-check/did-obama-administration-children-human-traffickers/,some immigrant children were placed with human traffickers during the obama administration.,true,"['immigrant children', 'immigration', 'trump administration', 'zero tolerance']",2018/06/20,Bethania Palma,"['https://archive.fo/rrnKf', 'https://archive.fo/hNE3p', 'https://wtkr.com/2018/06/16/doctors-saw-immigrant-kids-separated-from-their-parents-now-theyre-trying-to-stop-it/', 'https://www.washingtonpost.com/national/obama-administration-placed-children-with-human-traffickers-report-says/2016/01/28/39465050-c542-11e5-9693-933a4d31bcc8_story.html?utm_term=.4d26c10fca34', 'https://www.cnn.com/2018/06/12/us/immigration-separated-children-southern-border/index.html', 'https://archive.fo/AZz7d', 'https://www.propublica.org/article/children-separated-from-parents-border-patrol-cbp-trump-immigration-policy', 'https://www.marionstar.com/story/news/local/2018/04/23/pbs-air-film-investigating-labor-trafficking-ring-marion-county/542277002/', 'https://www.azcentral.com/story/news/politics/border-issues/2018/04/07/attorney-general-jeff-sessions-announces-new-illegal-immigration-policy/496190002/', 'https://rationalwiki.org/wiki/Whataboutism', 'https://www.justice.gov/opa/pr/leader-human-trafficking-organization-sentenced-over-15-years-exploiting-guatemalan-migrants', 'https://www.washingtonpost.com/news/post-nation/wp/2018/06/16/america-is-better-than-this-what-a-doctor-saw-in-a-texas-shelter-for-migrant-children/?utm_term=.a860ecbf9401', 'https://apnews.com/6e04c6ee01dd46669eddba9d3333f6d5']",https://archive.fo/rrnKf,1,lucas
https://www.snopes.com/fact-check/did-obama-administration-children-human-traffickers/,some immigrant children were placed with human traffickers during the obama administration.,true,"['immigrant children', 'immigration', 'trump administration', 'zero tolerance']",2018/06/20,Bethania Palma,"['https://archive.fo/rrnKf', 'https://archive.fo/hNE3p', 'https://wtkr.com/2018/06/16/doctors-saw-immigrant-kids-separated-from-their-parents-now-theyre-trying-to-stop-it/', 'https://www.washingtonpost.com/national/obama-administration-placed-children-with-human-traffickers-report-says/2016/01/28/39465050-c542-11e5-9693-933a4d31bcc8_story.html?utm_term=.4d26c10fca34', 'https://www.cnn.com/2018/06/12/us/immigration-separated-children-southern-border/index.html', 'https://archive.fo/AZz7d', 'https://www.propublica.org/article/children-separated-from-parents-border-patrol-cbp-trump-immigration-policy', 'https://www.marionstar.com/story/news/local/2018/04/23/pbs-air-film-investigating-labor-trafficking-ring-marion-county/542277002/', 'https://www.azcentral.com/story/news/politics/border-issues/2018/04/07/attorney-general-jeff-sessions-announces-new-illegal-immigration-policy/496190002/', 'https://rationalwiki.org/wiki/Whataboutism', 'https://www.justice.gov/opa/pr/leader-human-trafficking-organization-sentenced-over-15-years-exploiting-guatemalan-migrants', 'https://www.washingtonpost.com/news/post-nation/wp/2018/06/16/america-is-better-than-this-what-a-doctor-saw-in-a-texas-shelter-for-migrant-children/?utm_term=.a860ecbf9401', 'https://apnews.com/6e04c6ee01dd46669eddba9d3333f6d5']",https://archive.fo/hNE3p,1,lucas
https://www.snopes.com/fact-check/kellyanne-conway-simplicity-pattern/,a gucci ensemble worn by trump counselor kellyanne conway to the inauguration closely resembled a 1970s 'simplicity' pattern.,false,"['doctored photos', 'inaccurate viral photos', 'kellyanne conway', 'simplicity pattern']",2017/01/25,Kim LaCapria,"['http://archive.is/NoBVF', 'http://www.finickypatterns.com/collections/simplicity-patterns/products/i1970s-dress-pattern-simplicity-6554-shirtwaist-dress-button-front-collar-bust-34-uncut', 'http://archive.is/M5SRj', 'http://archive.is/eOxh3', 'http://archive.is/vWkk8']",http://archive.is/M5SRj,3,lucas
https://www.snopes.com/fact-check/march-madness/,web site will reveal an astounding discovery to the world on 8 march 2003.,false.,['hoaxes'],,David Mikkelson,"['http://web.archive.org/web/20021119130350/http://www.8march2003.com/Originalpage.htm', 'http://web.archive.org/web/20030417021101/http://www.8march2003.com/thepublicitycampaign.html']",http://web.archive.org/web/20021119130350/http://www.8march2003.com/Originalpage.htm,1,lucas
https://www.snopes.com/fact-check/fox-new-zealand-mosque/,the government of new zealand pulled sky news australia off the air in march 2019.,mostly false,[''],2019/03/25,Dan MacGuill,"['http://archive.is/jgD8g', 'http://web.archive.org/web/20190325141828/https://thinkprogress.org/new-zealand-pulls-murdochs-sky-news-australia-off-the-air-over-mosque-massacre-coverage-353cd22f86a7/']",http://web.archive.org/web/20190325141828/https://thinkprogress.org/new-zealand-pulls-murdochs-sky-news-australia-off-the-air-over-mosque-massacre-coverage-353cd22f86a7/,2,lucas
https://www.snopes.com/fact-check/aca-versus-ahca/,complaints about the lack of transparency behind the creation of a bill to repeal obamacare were hypocritical because the democrats were just as bad when they passed obamacare.,false,"['aca', 'affordable care act', 'ahca', 'obamacare', 'trump administration']",2017/06/20,Alex Kasprak,"['https://www.vox.com/policy-and-politics/2017/6/16/15810524/senate-ahca-explain-please', 'https://www.vox.com/policy-and-politics/2017/6/20/15821016/republicans-health-care-bill-questions', 'https://www.cbo.gov/publication/52752', 'https://www.vox.com/health-care/2017/6/15/15807986/obamacare-lies-obstruction']",https://www.vox.com/policy-and-politics/2017/6/20/15821016/republicans-health-care-bill-questions,4,lucas
https://www.snopes.com/fact-check/did-melbourne-antifa-claim-responsibility-for-the-vegas-massacre/,"an antifa group in melbourne, australia claimed responsibility for the september 2017 las vegas massacre.",false,"['antifa', 'daily mail', 'las vegas', 'las vegas mass shooting', 'puppet string news']",2017/10/04,Kim LaCapria,"['https://www.facebook.com/melantifainfo/posts/1723859081252211', 'https://en.wikipedia.org/wiki/2017_Las_Vegas_Strip_shooting', 'https://www.usatoday.com/story/news/2017/08/23/what-antifa-and-what-does-movement-want/593867001/', 'https://archive.is/TEBJF', 'https://archive.is/1NPBK']",https://archive.is/TEBJF,1,lucas
https://www.snopes.com/fact-check/colin-kaepernick-2018-person-of-the-year/,an image shows a 'time' cover featuring colin kaepernick as the magazine's 'person of the year' for 2018.,false,"['colin kaepernick', 'person of the year']",2018/08/24,Dan Evon,"['http://archive.fo/ciqQX', 'https://www.newsday.com/news/nation/time-person-of-the-year-2017-1.15333161']",http://archive.fo/ciqQX,3,lucas
https://www.snopes.com/fact-check/are-white-people-being-assaulted-at-showing-of-black-panther/,"white people have been attacked by black filmgoers at showings of ""black panther.""",false,[''],,Arturo Garcia,"['https://www.flickr.com/photos/kateblack/4053925136', 'https://www.starnow.com.au/willjackson3', 'https://www.aftonbladet.se/nyheter/a/KvpOd4/sophie-blev-slagen-blodig-av-tafsande-man', 'https://archive.4plebs.org/pol/thread/160673297/']",https://archive.4plebs.org/pol/thread/160673297/,1,lucas
https://www.snopes.com/fact-check/trump-revokes-press-credentials-six-news-outlets/,donald trump revoked the press credentials of six major news outlets.,false,"['donald trump', 'press credentials', 'the last line of defense', 'white house', 'white house press']",,Dan Evon,"['https://www.washingtonpost.com/lifestyle/style/trump-revokes-post-press-credentials-calling-the-paper-dishonest-and-phony/2016/06/13/f9a61a72-31aa-11e6-95c0-2a6873031302_story.html?utm_term=.2efa9a78115f', 'https://www.cjr.org/the_media_today/white-house-press-passes.php', 'http://archive.is/LNVJh', 'https://www.theatlantic.com/politics/archive/2017/01/trump-faces-a-weakened-press-corps/512849/']",http://archive.is/LNVJh,1,lucas
https://www.snopes.com/fact-check/bernie-sanders-blame-cops-crime/,senator bernie sanders said in a speech that cops were to blame for crime.,false,"['bernie sanders', 'blue news network', 'criminal justice reform']",2019/02/21,Dan Evon,"['http://web.archive.org/web/20160204105246/https://berniesanders.com/press-release/sanders-calls-criminal-justice-reform-the-civil-rights-issue-of-the-century/', 'http://archive.fo/LFpZt', 'https://www.facebook.com/ThinBlueBrotherhood/posts/2131592140254394', 'https://bluenewsnetwork.com/about/']",http://archive.fo/LFpZt,1,lucas
https://www.snopes.com/fact-check/russian-scientists-discover-cure-homosexuality/,"researchers at the russian institute for medical science discovered a new vaccine that may ""prevent"" or ""cure"" homosexuality in humans.",false,"['fake news', 'homosexuality', 'world news daily report']",2017/08/08,David Emery,"['http://archive.is/pNlJv', 'http://archive.is/ECRsJ', 'http://archive.is/liKHo', 'http://worldnewsdailyreport.com/russian-scientists-discover-cure-to-homosexuality/']",http://worldnewsdailyreport.com/russian-scientists-discover-cure-to-homosexuality/,1,lucas
https://www.snopes.com/fact-check/25-million-fraud-votes-for-clinton/,an npr study determined that 25 million fraudulent votes had been cast for hillary clinton in the 2016 presidential election.,false,"['2016 election', 'election fraud', 'infowars', 'newspunch.com', 'NPR', 'voter fraud', 'yournewswire', 'yournewswire.com']",2017/01/30,Kim LaCapria,['http://archive.is/earRt'],http://archive.is/earRt,1,lucas
https://www.snopes.com/fact-check/joel-osteen-flood-tithing/,joel osteen's houston megachurch provided shelter only to the church's top financial contributors,false,"['action 3 news', 'hurricane harvey', 'joel osteen', 'Lakewood Church']",2017/09/03,David Mikkelson,['http://archive.is/6g3ss'],http://archive.is/6g3ss,1,lucas
https://www.snopes.com/fact-check/pamela-anderson-death-hoax/,pamela anderson passed away in march 2018.,false,"['abcnews-us.com', 'death hoax', 'pamela anderson']",2018/03/16,Dan Evon,['http://web.archive.org/web/20180316142110/http://www.abcnews-us.com/2018/03/15/pamela-anderson-famous-playboy-model-and-baywatch-star-dies-aged-50/'],http://web.archive.org/web/20180316142110/http://www.abcnews-us.com/2018/03/15/pamela-anderson-famous-playboy-model-and-baywatch-star-dies-aged-50/,1,lucas
https://www.snopes.com/fact-check/hillary-trash-talk-obama/,katie couric banished hillary clinton from her set in august 2017 after clinton used a racist word to describe president obama.,false,"[""america's last line of defense"", 'barack obama', 'hillary clinton', 'katie couric', 'our land of the free']",2017/08/28,Kim LaCapria,['https://archive.is/AQ4t1'],https://archive.is/AQ4t1,1,lucas
https://www.snopes.com/fact-check/trump-transgenders-on-notice/,president trump plans to make it illegal to be transgender.,false,"['celebtricity', 'president trump', 'tmzhiphop', 'tmzuncut', 'transgender']",2017/01/31,Kim LaCapria,['http://archive.is/7a3PL'],http://archive.is/7a3PL,1,lucas
https://www.snopes.com/fact-check/the-love-machine/,vending machines in japan offer for sale panties purportedly worn by schoolgirls.,true.,['Kinky'],,David Mikkelson,['http://web.archive.org/web/20040226204619/http://www.smn.co.jp/e/key/burusera.html'],http://web.archive.org/web/20040226204619/http://www.smn.co.jp/e/key/burusera.html,1,lucas
https://www.snopes.com/fact-check/kentucky-fried-rat-2015/,a kfc customer found a batterfried rat in his order of chicken tenders.,false,"['chicken tenders', 'Devorise Dixon', 'fried rat', 'kfc']",,David Mikkelson,['https://www.facebook.com/devorise.dixon/posts/957544544311678'],https://www.facebook.com/devorise.dixon/posts/957544544311678,1,lucas
https://www.snopes.com/fact-check/man-lock-daughter-cage-snapchat/,"a man locked his daughter in a cage because she used snapchat's ""dog filter"" too frequently.",false,"['celebtricity', 'dog filter', 'fake news', 'snapchat', 'tmzhiphop', 'tmzuncut', 'tmzworldnews', 'tmzworldstar']",2017/01/06,Kim LaCapria,['http://archive.is/gDYFP'],http://archive.is/gDYFP,1,lucas
https://www.snopes.com/fact-check/lv-parents-ear-modification/,a las vegas couple was arrested for modifying their baby's ears to make them pointed like a vulcan's.,false,"['fake news', 'news 4 ktla']",2016/06/23,Kim LaCapria,['http://archive.is/LJdEN'],http://archive.is/LJdEN,1,lucas
https://www.snopes.com/fact-check/fisherman-captures-3000-pound-great-white-shark-in-great-lakes/,"a fisherman captured a 3,000 lb. great white shark in the great lakes.",false,"['great lakes', 'great white shark', 'lake michigan', 'world news daily report']",2016/06/22,Kim LaCapria,['http://archive.is/ndRlp'],http://archive.is/ndRlp,1,lucas
https://www.snopes.com/fact-check/white-wilderness/,filmmakers staged lemming death scenes for the disney nature documentary white wilderness.,true,"['lemmings', 'white wilderness', 'Wild Inaccuracies']",1996/02/27,David Mikkelson,['http://www.adfg.alaska.gov/index.cfm?adfg=wildlifenews.view_article&articles_id=56'],http://www.adfg.alaska.gov/index.cfm?adfg=wildlifenews.view_article&articles_id=56,1,lucas
https://www.snopes.com/fact-check/pimms-logo-big-ben-joke/,pimm's signed a sponsorship deal to display its logo on big ben.,false,"[""april fool's day""]",2016/04/01,Dan Evon,['http://www.taylorherring.com/case-studies/bestaprilfoolstunt/#.Vv57xFJej5w.twitter'],http://www.taylorherring.com/case-studies/bestaprilfoolstunt/#.Vv57xFJej5w.twitter,1,lucas
https://www.snopes.com/fact-check/cash-and-bury/,a deceased cattle rancher had an atm installed in his tombstone to dole out weekly stipends to his heirs.,false.,['Newspaper Nonsense'],,David Mikkelson,['http://web.archive.org/web/20050308194859/http://www.sfgate.com/cgi-bin/article.cgi?file=/news/archive/2002/08/14/MNatmgrave.DTL'],http://web.archive.org/web/20050308194859/http://www.sfgate.com/cgi-bin/article.cgi?file=/news/archive/2002/08/14/MNatmgrave.DTL,1,lucas
https://www.snopes.com/fact-check/gabourey-sidibe-death-hoax/,"actor gabourey sidibe has died of an ""apparent asthma attack.""",false,"['celebrity death hoax', 'dailymediabuzz']",2016/03/28,Kim LaCapria,['http://archive.is/dWuTy'],http://archive.is/dWuTy,1,lucas
https://www.snopes.com/fact-check/veggietales-cannabis-character/,the animated children's program 'veggietales' introduced a cannabis character in august 2018.,false,"['the babylon bee', 'veggietales']",2018/08/14,Dan Evon,['https://babylonbee.com/news/thanks-to-new-laws-veggietales-finally-introduces-new-cannabis-character/'],https://babylonbee.com/news/thanks-to-new-laws-veggietales-finally-introduces-new-cannabis-character/,1,lucas
https://www.snopes.com/fact-check/the-road-to-dell/,dell computer cancelled an order placed by weigand combat handguns because the company name triggered a security alert.,true.,['Moral Outrage'],,David Mikkelson,['http://web.archive.org/web/20020305222533/http://www.jackweigand.com/Dell.html'],http://web.archive.org/web/20020305222533/http://www.jackweigand.com/Dell.html,1,lucas
https://www.snopes.com/fact-check/carjackers-leaving-flyers-100-bills-car-windows/,"parking lot carjackers are placing flyers or $100 bills on the windows of automobiles, then taking the cars when drivers step out of their vehicles to remove them.",false,"['carjacking', 'crime warnings']",2004/02/29,David Mikkelson,['http://web.archive.org/web/20080319234414/http://www.flhsmv.gov/fhp/misc/News/Related/2007/FHPnews050707c1.htm'],http://web.archive.org/web/20080319234414/http://www.flhsmv.gov/fhp/misc/News/Related/2007/FHPnews050707c1.htm,2,lucas
https://www.snopes.com/fact-check/delaware-cemetery-begins-exhuming-bodies-confederate-soldiers/,"a cemetery in delaware, ohio, is exhuming the bodies of confederate soldiers and relocating them to a nearby dump.",false,"['confederate soldiers', 'confederate statues', 'delawareohionews', 'delawareohionews.com']",2017/08/23,Dan Evon,['http://www.delawareohionews.com/in-brief/delaware-cemetery-begins-exhuming-bodies-of-confederate-soldiers/'],http://www.delawareohionews.com/in-brief/delaware-cemetery-begins-exhuming-bodies-of-confederate-soldiers/,1,lucas
https://www.snopes.com/fact-check/orson-scott-card/,author orson scott card wrote an open letter to american newspapers about the u.s. financial crisis.,true.,[],,David Mikkelson,['http://www.ornery.org/essays/warwatch/2008-10-05-1.html'],http://www.ornery.org/essays/warwatch/2008-10-05-1.html,1,lucas
https://www.snopes.com/fact-check/montreal-bans-pit-bulls/,the city of montreal has passed a ban on pit bulls that requires owners to euthanize their pets.,mostly true,"['montreal', 'pit bulls']",2016/09/28,Kim LaCapria,['https://www.thedodo.com/pit-bull-ban-montreal-passed-2019462088.html'],https://www.thedodo.com/pit-bull-ban-montreal-passed-2019462088.html,3,lucas
https://www.snopes.com/fact-check/obamas-daughters-arrested-hawaii/,former president obama's daughters malia and sasha were arrested for vandalism in hawaii.,false,"['malia obama', 'sasha obama', 'satire', 'the last line of defense', 'thelastlineofdefense.org']",2017/01/23,Dan Evon,['http://archive.is/29yaN'],http://archive.is/29yaN,1,lucas
https://www.snopes.com/fact-check/generals-controversial-graduation-speech/,a commencement speech by the commanding officer of fort benning touched off riots that killed 11 people.,false,[],,David Mikkelson,['http://www.duffelblog.com/2012/07/general-gives-controversial-graduation-speech-riot-ensues/'],http://www.duffelblog.com/2012/07/general-gives-controversial-graduation-speech-riot-ensues/,1,lucas
https://www.snopes.com/fact-check/don-walter-letter/,retired federal judge delivers lecture about his experience setting up a new legal system in iraq.,true.,[],,David Mikkelson,['http://www.usdoj.gov/opa/pr/2003/May/03_ag_267.htm'],http://www.usdoj.gov/opa/pr/2003/May/03_ag_267.htm,2,lucas
https://www.snopes.com/fact-check/snorting-smarties/,schoolkids are snorting and smoking smarties and putting themselves at risk of contracting nasal maggots.,legend,['Parental Nightmares'],,David Mikkelson,['http://harddeadlines.com/2014/01/17/smarties-doc-hopes-maggot-threat-will-dissuade-children-snorting'],http://harddeadlines.com/2014/01/17/smarties-doc-hopes-maggot-threat-will-dissuade-children-snorting,2,lucas
https://www.snopes.com/fact-check/nbc-accidentally-posts-election-results-a-week-early/,chattanooga-area nbc affiliate wrcb inadvertently exposed the rigging of 2016 election results in hillary clinton's favor.,mostly false,"['election results', 'worldnow.com', 'WRCB']",2016/11/05,Kim LaCapria,['http://archive.is/GmIRw'],http://archive.is/GmIRw,1,lucas
https://www.snopes.com/fact-check/cnn-staged-hurricane-harvey-rescue-video/,cnn was caught staging a dramatic rescue during hurricane harvey.,false,"['CNN', 'harvey', 'hurricane harvey', 'infowars']",2017/09/01,Dan Evon,['https://archive.is/6Ujt4'],https://archive.is/6Ujt4,1,lucas
https://www.snopes.com/fact-check/dust-in-the-solar-wind/,a planetdissolving dust cloud will wipe out our solar system in december 2014.,false,[],,David Mikkelson,['https://web.archive.org/web/20051003215234/http://movies.yahoo.com/mv/news/wwn/20050912/112653720013.html'],https://web.archive.org/web/20051003215234/http://movies.yahoo.com/mv/news/wwn/20050912/112653720013.html,1,lucas
https://www.snopes.com/fact-check/california-tax-breathing/,"lawmakers in california have proposed a new law called the ""check your oxygen privilege act.""",false,['babylon bee'],2018/12/20,Dan Evon,['http://archive.today/ucXjV'],http://archive.today/ucXjV,1,lucas
https://www.snopes.com/fact-check/queen-elizabeth-remove-obamas-guest-list/,"queen elizabeth removed the obamas from the guest list for prince harry and meghan markle's wedding after she learned that michelle obama tried to ""sneak a spot.""",false,"['barack obama', 'fake news', 'just news usa', 'michelle obama', 'queen elizabeth', 'royal wedding', 'your news wire', 'yournewswire.com']",2017/12/06,David Emery,['http://archive.is/1cJLE'],http://archive.is/1cJLE,1,lucas
https://www.snopes.com/fact-check/dont-judge-challenge-sharpie/,a florida teenager permanently stained her face black with a sharpie marker while undertaking the dontjudgechallenge.,false,"[""don't judge challenge"", 'farrah marshall', 'sharpie', 'TMZ today']",,Kim LaCapria,['http://themetapicture.com/can-you-die-from-this/'],http://themetapicture.com/can-you-die-from-this/,3,lucas
https://www.snopes.com/fact-check/federal-judge-chris-tomlin/,"a federal judge ordered christian music artist chris tomlin to ""stop adding choruses to perfectly good hymns.""",false,"['babylon bee', 'chris tomlin']",2017/07/19,Kim LaCapria,['https://archive.is/ydoTB'],https://archive.is/ydoTB,1,lucas
https://www.snopes.com/fact-check/eclipse-racist/,"law professor alice ristroph wrote in the atlantic magazine that the 2017 solar eclipse, its path, or those who viewed it, were ""racist.""",false,"['conservative tribune', 'daily caller']",2017/08/21,"Dan MacGuill
David Mikkelson","['https://www.theatlantic.com/science/archive/2017/08/american-totality-eclipse-race/537318/', 'http://archive.is/mrv1Q', 'https://obamawhitehouse.archives.gov/the-press-office/2017/01/12/presidential-memorandum-promoting-diversity-and-inclusion-our-national', 'http://archive.is/rOr0b', 'http://archive.is/Bb3yz']",http://archive.is/rOr0b,1,lucas
https://www.snopes.com/fact-check/did-maine-democrats-vote-to-allow-fgm/,maine's house democrats voted to allow female genital mutilation.,false,"['female genital mutilation', 'fgm', 'jihadwatch', 'Maine']",,Kim LaCapria,"['https://archive.li/fCdJf', 'https://archive.li/7E8eg', 'https://www.law.cornell.edu/uscode/text/18/116', 'https://www.aclumaine.org/en/press-releases/statement-fgm-bill', 'https://archive.li/nGydx']",https://archive.li/nGydx,1,lucas
https://www.snopes.com/fact-check/google-doodle-ramadan-easter/,"there is an official google doodle commemorating ramadan, but not one for the holiday of easter.",mostly false,[''],2019/04/22,Dan Evon,"['https://www.google.com/doodles/about', 'https://www.google.com/doodles/diwali-2008', 'https://www.google.com/doodles/rosh-hashanah-2006', 'http://archive.fo/4rqlD', 'https://www.google.com/doodles/malaysia-national-day-2018', 'http://archive.fo/SFp9E', 'https://artsandculture.google.com/project/easter-traditions', 'http://archive.fo/RCK8X', 'https://www.al-kanz.org/2010/06/21/ramadan-doodle-google/', 'http://archive.fo/EN5Wh', 'https://www.google.com/doodles/mudik-2016', 'https://www.google.com/doodles/happy-easter-2000', 'http://archive.fo/rpGAl']",http://archive.fo/SFp9E,1,Mohamed
https://www.snopes.com/fact-check/irl-texts-trafficking/,"text messages from a social app called ""irl"" have been linked to sex trafficking.",false,['crime warnings'],2018/08/28,Dan Evon,"['http://archive.is/zhVd0#selection-3501.52-3501.90', 'https://gizmodo.com/that-viral-tweet-linking-social-app-irl-with-sex-traffi-1828630042', 'https://www.newsweek.com/irl-app-what-text-why-who-sent-got-979555']",http://archive.is/zhVd0#selection-3501.52-3501.90,1,Mohamed
https://www.snopes.com/fact-check/your-city-on-socialism/,a set of images document the impact of socialism on the lives of citizens.,mostly false,[''],2019/06/14,Dan Evon,"['https://www.facebook.com/376776419037747/posts/1214742678574446', 'https://www.facebook.com/photo.php?fbid=2362830577108535&set=a.444801905578088&type=3&theater', 'https://www.bloomberg.com/news/articles/2019-03-09/what-broke-venezuela-s-economy-and-what-could-fix-it-quicktake', 'https://pbase.com/jimrob/glencovemansion', 'http://archive.fo/qnBuE', 'http://www.apimages.com/metadata/Index/Fighting-Blight-Michigan/33b07eb601064d12952e9552e1528f2d/18/0', 'https://gizmodo.com/5-more-viral-photos-that-are-totally-fake-1708052803']",https://www.facebook.com/376776419037747/posts/1214742678574446,1,Mohamed
https://www.snopes.com/fact-check/incurable-mexican-blood-flu/,a form of tuberculosis dubbed âmexican blood fluâ is being brought into the u.s. by immigrants crossing the southern border.,false,[''],2019/05/17,Alex Kasprak,"['http://archive.fo/mKPhu', 'https://www.azcentral.com/story/news/politics/border-issues/2019/04/23/while-republicans-visited-yuma-bogus-tuberculosis-scare-us-mexico-border/3556142002/', 'http://archive.fo/YaENM', 'https://www.sourcewatch.org/index.php/Institute_for_Natural_Healing', 'https://www.apnews.com/68d4e49316e143788f190ee21720997e', 'https://www.motherjones.com/politics/2015/12/agora-huckabee-conservative-bible-cures/', 'http://archive.fo/hRFdC']",http://archive.fo/YaENM,1,Mohamed
https://www.snopes.com/fact-check/is-it-illegal-florida-power-home-solar-storm/,"thanks to lobbying, florida homeowners were unable to use solar panels during irma to generate electricity.",false,"['florida', 'free energy', 'off the grid', 'power grid', 'solar energy', 'zerohedge']",2017/09/25,Bethania Palma,"['https://rationalwiki.org/wiki/Free_energy_(pseudoscience)', 'https://www.fpl.com/clean-energy/net-metering/guidelines.html', 'http://fortune.com/2016/07/12/corporate-citizenship-trust/', 'http://www.sma-america.com/products/battery-inverters/sunny-island-4548-us-6048-us.html', 'https://www.tesla.com/powerwall', 'https://www.bibliotecapleyades.net/ciencia/ciencia_harmonicconquestspace_b.htm', 'https://standardscatalog.ul.com/standards/en/standard_1741_2', 'http://www.leg.state.fl.us/Statutes/index.cfm?App_mode=Display_Statute&Search_String=&URL=0100-0199/0163/Sections/0163.04.html', 'http://www.leg.state.fl.us/Statutes/index.cfm?App_mode=Display_Statute&URL=0300-0399/0366/Sections/0366.91.html', 'http://archive.is/nQmja', 'http://thefreethoughtproject.com/florida-illegal-solar-home/']",http://archive.is/nQmja,1,Mohamed
https://www.snopes.com/fact-check/has-indictment-been-issued-uranium-one/,a maryland man has been indicted in connection with the uranium one investigation.,false,"['clinton foundation', 'conspiracy theories', 'daily wire', 'uranium one']",,Bethania Palma,"['https://www.yahoo.com/news/doubts-surface-key-witness-uranium-one-probe-clinton-203614558.html', 'https://archive.fo/DDCbG', 'https://www.justice.gov/criminal-fraud/foreign-corrupt-practices-act', 'https://www.fredericknewspost.com/news/crime_and_justice/cops_and_crime/feds-indict-dragon-distillery-owner-for-international-financial-crimes-tied/article_909ce3bb-9e43-5862-876d-af2897cbf1d5.html', 'https://archive.fo/ACfcP', 'https://www.justice.gov/opa/pr/russian-nuclear-energy-official-pleads-guilty-money-laundering-conspiracy-involving', 'https://archive.fo/jiO5s', 'https://archive.fo/MXgIx', 'https://archive.fo/Ib0jS', 'https://www.justice.gov/usao-md/pr/russian-national-and-three-others-charged-kickback-scheme-obtain-contracts-transport', 'https://www.justice.gov/opa/pr/former-president-maryland-based-transportation-company-indicted-11-counts-related-foreign']",https://archive.fo/Ib0jS,2,Mohamed
https://www.snopes.com/fact-check/has-indictment-been-issued-uranium-one/,a maryland man has been indicted in connection with the uranium one investigation.,false,"['clinton foundation', 'conspiracy theories', 'daily wire', 'uranium one']",,Bethania Palma,"['https://www.yahoo.com/news/doubts-surface-key-witness-uranium-one-probe-clinton-203614558.html', 'https://archive.fo/DDCbG', 'https://www.justice.gov/criminal-fraud/foreign-corrupt-practices-act', 'https://www.fredericknewspost.com/news/crime_and_justice/cops_and_crime/feds-indict-dragon-distillery-owner-for-international-financial-crimes-tied/article_909ce3bb-9e43-5862-876d-af2897cbf1d5.html', 'https://archive.fo/ACfcP', 'https://www.justice.gov/opa/pr/russian-nuclear-energy-official-pleads-guilty-money-laundering-conspiracy-involving', 'https://archive.fo/jiO5s', 'https://archive.fo/MXgIx', 'https://archive.fo/Ib0jS', 'https://www.justice.gov/usao-md/pr/russian-national-and-three-others-charged-kickback-scheme-obtain-contracts-transport', 'https://www.justice.gov/opa/pr/former-president-maryland-based-transportation-company-indicted-11-counts-related-foreign']",https://archive.fo/ACfcP,1,Mohamed
https://www.snopes.com/fact-check/blackbird-civil-rights/,"paul mccartney wrote the song ""blackbird"" during a visit to the u.s., inspired by the civil rights movement.",mostly true,['beatles'],2018/12/05,Arturo Garcia,"['https://www.facebook.com/photo.php?fbid=10214371932307085&set=a.1806017465140&type=3&__tn__=H-R', 'https://www.kcrw.com/music/shows/chris-douridas/paul-mccartney']",https://www.facebook.com/photo.php?fbid=10214371932307085&set=a.1806017465140&type=3&__tn__=H-R,1,Mohamed
https://www.snopes.com/fact-check/jesus-modeled-on-borgia/,"the modern image of jesus is modeled on cesare borgia, a gangster's son.",false,[''],2017/01/03,Kim LaCapria,"['https://en.wikipedia.org/wiki/File:FarewellApostles.jpg', 'https://commons.wikimedia.org/wiki/Duccio_di_Buoninsegna#/media/File:Duccio_di_Buoninsegna_013.jpg', 'https://en.wikipedia.org/wiki/Alexandre_Dumas', 'http://www.gutenberg.org/files/2741/2741.txt', 'http://www.metmuseum.org/toah/hd/chri/hd_chri.htm', 'https://en.wikipedia.org/wiki/File:Ghirlandaio,_ultima_cena_di_san_marco.jpg', 'https://en.wikipedia.org/wiki/File:Giotto_-_Scrovegni_-_-29-_-_Last_Supper.jpg', 'https://en.wikipedia.org/wiki/File:Cesare_Borgia,_Duke_of_Valentinois.jpg', 'https://en.wikipedia.org/wiki/Head_of_Christ', 'https://en.wikipedia.org/wiki/File:Meister_des_Hausbuches_003.jpg', ""https://en.wikipedia.org/wiki/Archbishop's_Chapel,_Ravenna#/media/File:Theodorich_palace.jpg"", 'https://en.wikipedia.org/wiki/File:Spas_vsederzhitel_sinay.jpg', 'https://en.wikipedia.org/wiki/File:Cesareborgia.jpg', 'https://en.wikipedia.org/wiki/Lamentation_of_Christ#/media/File:Giotto_-_Scrovegni_-_-36-_-_Lamentation_(The_Mourning_of_Christ).jpg', 'https://en.wikipedia.org/wiki/Madonna_of_the_Pomegranate', 'https://www.britannica.com/biography/Alexander-VI', 'http://archive.is/1Re63', 'https://en.wikipedia.org/wiki/Ecce_Homo_(Bosch,_1470s)', 'http://www.visual-arts-cork.com/old-masters/giotto.htm']",http://archive.is/1Re63,1,Mohamed
https://www.snopes.com/fact-check/jesus-modeled-on-borgia/,"the modern image of jesus is modeled on cesare borgia, a gangster's son.",false,[''],2017/01/03,Kim LaCapria,"['https://en.wikipedia.org/wiki/File:FarewellApostles.jpg', 'https://commons.wikimedia.org/wiki/Duccio_di_Buoninsegna#/media/File:Duccio_di_Buoninsegna_013.jpg', 'https://en.wikipedia.org/wiki/Alexandre_Dumas', 'http://www.gutenberg.org/files/2741/2741.txt', 'http://www.metmuseum.org/toah/hd/chri/hd_chri.htm', 'https://en.wikipedia.org/wiki/File:Ghirlandaio,_ultima_cena_di_san_marco.jpg', 'https://en.wikipedia.org/wiki/File:Giotto_-_Scrovegni_-_-29-_-_Last_Supper.jpg', 'https://en.wikipedia.org/wiki/File:Cesare_Borgia,_Duke_of_Valentinois.jpg', 'https://en.wikipedia.org/wiki/Head_of_Christ', 'https://en.wikipedia.org/wiki/File:Meister_des_Hausbuches_003.jpg', ""https://en.wikipedia.org/wiki/Archbishop's_Chapel,_Ravenna#/media/File:Theodorich_palace.jpg"", 'https://en.wikipedia.org/wiki/File:Spas_vsederzhitel_sinay.jpg', 'https://en.wikipedia.org/wiki/File:Cesareborgia.jpg', 'https://en.wikipedia.org/wiki/Lamentation_of_Christ#/media/File:Giotto_-_Scrovegni_-_-36-_-_Lamentation_(The_Mourning_of_Christ).jpg', 'https://en.wikipedia.org/wiki/Madonna_of_the_Pomegranate', 'https://www.britannica.com/biography/Alexander-VI', 'http://archive.is/1Re63', 'https://en.wikipedia.org/wiki/Ecce_Homo_(Bosch,_1470s)', 'http://www.visual-arts-cork.com/old-masters/giotto.htm']","https://en.wikipedia.org/wiki/File:Cesare_Borgia,_Duke_of_Valentinois.jpg",3,Mohamed
https://www.snopes.com/fact-check/michigan-right-to-farm-act-repealed/,"in june 2016, michigan residents lost the ""right to farm,"" keep chickens, or maintain bee hives due to a change in existing law.",false,"['homesteading', 'illegal sustainable living', 'michigan', 'right to farm', 'survivalism', 'urban farming']",2016/05/31,Kim LaCapria,['http://archive.is/0vPSq'],http://archive.is/0vPSq,1,Mohamed
https://www.snopes.com/fact-check/sarah-huckabee-sanders-aunt-lydia/,"on facebook, white house press secretary sarah huckabee sanders proudly embraced an unflattering comparison to aunt lydia from the handmaid's tale.",false,"['michelle wolf', 'sarah huckabee sanders', 'trump administration', 'white house correspondents dinner']",2018/04/30,Dan MacGuill,['https://web.archive.org/web/20180430171330/https://www.facebook.com/DeputyPressSecretary/photos/a.272194446584632.1073741828.272143043256439/422324681571607/?type=3&theater'],https://web.archive.org/web/20180430171330/https://www.facebook.com/DeputyPressSecretary/photos/a.272194446584632.1073741828.272143043256439/422324681571607/?type=3&theater,2,Mohamed
https://www.snopes.com/fact-check/quick-thinking-mom-saves-family/,"a ""quick-thinking mom"" distracted a robber by performing a sex act on him in order to allow her family to safely escape.",false,"['now44news', 'now8news']",2017/01/18,Kim LaCapria,['http://archive.is/g0Qgu'],http://archive.is/g0Qgu,1,Mohamed
https://www.snopes.com/fact-check/swiss-army-life/,switzerland issues firearms to adult men and provides training in their use.,true,[],,David Mikkelson,['http://news.bbc.co.uk/2/hi/1566715.stm'],http://news.bbc.co.uk/2/hi/1566715.stm,2,Mohamed
https://www.snopes.com/fact-check/harry-potter/,harry potter books are sparking a rise in satanism among children.,false.,['Important If True'],,David Mikkelson,['http://web.archive.org/web/20011130173041/http://www.creators.com/opinion_show.cfm?columnsName=ema'],http://web.archive.org/web/20011130173041/http://www.creators.com/opinion_show.cfm?columnsName=ema,2,Mohamed
https://www.snopes.com/fact-check/nancy-pelosi-removed-treason/,police are seeking the impeachment of speaker of the house nancy pelosi for treason.,false,['nancy pelosi'],2019/01/31,David Emery,"['http://www.napo.org/washington-report/latest-news-updates/02-21-2018/', 'https://archive.fo/Comrm', 'https://petitions.whitehouse.gov/petition/impeach-nancy-pelosi-crimes-treason']",https://archive.fo/Comrm,1,Mohamed
https://www.snopes.com/fact-check/greenpeace-activist-get-arm-bitten-off-hugging-white-shark/,a greenpeace activist had his arm bitten off when he tried to hug a shark.,false,"['fake news', 'Greenpeace', 'shark attack', 'world news daily report', 'worldnewsdailyreport.com']",2018/02/02,Dan Evon,"['https://archive.is/Mg9Ac', 'http://worldnewsdailyreport.com/disclaimer_/', 'http://www.palmbeachpost.com/news/local/moore-haven-teen-who-lost-part-his-arm-gator-attack-tells-his-story/4sQpZ2bFlVUuUurxhGw8yK/']",https://archive.is/Mg9Ac,1,Mohamed
https://www.snopes.com/fact-check/white-house-logo-change/,president obama altered the white house logo to replace the u.s flag with a white flag (commonly associated with surrender).,false,"['adweek', ""america's freedom fighters"", 'barack obama', 'conservative tribune', 'fury news', 'president obama', 'red flag news', 'white flag', 'white house logo']",2016/06/29,Kim LaCapria,"['http://archive.is/7RwN4', 'http://archive.is/b2aQQ', 'http://archive.is/SXxz0']",http://archive.is/7RwN4,1,Mohamed
https://www.snopes.com/fact-check/alex-smith-died-couldnt-afford-insulin/,a 26-year-old man named alex smith of minneapolis died because he had aged out of his mother's health insurance and couldn't afford insulin.,true,"['big pharma', 'diabetes', 'health insurance', 'insulin', 'pharmaceuticals', 'prescription drugs']",2018/09/24,David Emery,"['https://truthout.org/articles/i-had-to-bury-my-26-year-old-son-because-he-couldn-t-afford-insulin/', 'https://www.mayoclinic.org/diseases-conditions/diabetic-ketoacidosis/symptoms-causes/syc-20371551', 'https://www.wtsp.com/article/news/mother-calls-for-lower-insulin-prices-in-wake-of-sons-death/67-551649127']",https://truthout.org/articles/i-had-to-bury-my-26-year-old-son-because-he-couldn-t-afford-insulin/,2,Mohamed
https://www.snopes.com/fact-check/106-dead-in-california-music-festival-bombing/,106 people were killed at an isis-related california music festival bombing.,false,"['departed.co', 'myfreshnews']",2016/08/12,Kim LaCapria,"['http://archive.is/LGFQC', 'http://archive.is/yn5yK', 'https://www.musicfestivalwizard.com/festival-guide/california/']",http://archive.is/LGFQC,1,Mohamed
https://www.snopes.com/fact-check/high-school-band-police-shooting/,the forest hill high school band performed a half-time show that depicted police officers being shot.,mostly true,['blue lives matter'],2018/10/09,Dan MacGuill,"['https://www.wapt.com/article/forest-hill-band-director-on-leave-after-controversial-performance/23639644', 'https://www.wlbt.com/2018/10/06/community-outraged-over-forest-hills-insensitive-band-performance-brookhaven-high-school/', 'https://www.clarionledger.com/story/news/2018/10/04/brookhaven-cpl-zach-moak-died-trying-save-fellow-officer-james-white/1520019002/']",https://www.wlbt.com/2018/10/06/community-outraged-over-forest-hills-insensitive-band-performance-brookhaven-high-school/,2,Mohamed
https://www.snopes.com/fact-check/white-house-logo-change/,president obama altered the white house logo to replace the u.s flag with a white flag (commonly associated with surrender).,false,"['adweek', ""america's freedom fighters"", 'barack obama', 'conservative tribune', 'fury news', 'president obama', 'red flag news', 'white flag', 'white house logo']",2016/06/29,Kim LaCapria,"['http://archive.is/7RwN4', 'http://archive.is/b2aQQ', 'http://archive.is/SXxz0']",http://archive.is/b2aQQ,1,Mohamed
https://www.snopes.com/fact-check/uk-issues-lgbt-travel-warning-for-united-states/,the uk issued a travel advisory for lgbt citizens visiting the united states after mississippi and north carolina passed controversial laws.,true,"['bathroom bill', 'HB2', 'lgbt', 'travel advisory', 'travel warning']",2016/04/21,Kim LaCapria,"['https://www.gov.uk/foreign-travel-advice/usa/local-laws-and-customs', 'https://www.gov.uk/foreign-travel-advice/usa', 'http://archive.is/MqGuV']",https://www.gov.uk/foreign-travel-advice/usa/local-laws-and-customs,1,Mohamed
https://www.snopes.com/fact-check/uk-issues-lgbt-travel-warning-for-united-states/,the uk issued a travel advisory for lgbt citizens visiting the united states after mississippi and north carolina passed controversial laws.,true,"['bathroom bill', 'HB2', 'lgbt', 'travel advisory', 'travel warning']",2016/04/21,Kim LaCapria,"['https://www.gov.uk/foreign-travel-advice/usa/local-laws-and-customs', 'https://www.gov.uk/foreign-travel-advice/usa', 'http://archive.is/MqGuV']",http://archive.is/MqGuV,1,Mohamed
https://www.snopes.com/fact-check/uk-issues-lgbt-travel-warning-for-united-states/,the uk issued a travel advisory for lgbt citizens visiting the united states after mississippi and north carolina passed controversial laws.,true,"['bathroom bill', 'HB2', 'lgbt', 'travel advisory', 'travel warning']",2016/04/21,Kim LaCapria,"['https://www.gov.uk/foreign-travel-advice/usa/local-laws-and-customs', 'https://www.gov.uk/foreign-travel-advice/usa', 'http://archive.is/MqGuV']",https://www.gov.uk/foreign-travel-advice/usa,1,Mohamed
https://www.snopes.com/fact-check/sally-ann-ban/,target does not allow salvation army bellringers to solicit donations on stores premises.,true,"['charity', 'salvation army', 'target']",2004/11/08,Snopes Staff,"['http://sites.target.com/site/en/company/page.jsp?contentId=WCMP04-031787', 'https://corporate.target.com/about/shopping-experience/Target-solicitation-policy', 'https://corporate.target.com/article/2011/12/target-and-the-salvation-army-making-a-difference']",https://corporate.target.com/about/shopping-experience/Target-solicitation-policy,1,Mohamed
https://www.snopes.com/fact-check/george-soros-indicted-election-hacking/,"image depicts george soros in handcuffs before a judge, facing charges of tampering with voting equipment.",false,"['2016 election', 'daily USA update', 'doctored photos', 'george soros', ""the people's resistance""]",2017/05/22,Kim LaCapria,"['https://archive.is/ETXcK', 'https://archive.is/B4He1', 'https://archive.is/dt1Qm']",https://archive.is/B4He1,1,Mohamed
https://www.snopes.com/fact-check/comedy-central-wolf-apology/,comedy central fired michelle wolf and issued an apology after the comedian's appearance at the 2018 white house correspondents dinner.,false,['daily world update'],2018/04/29,David Mikkelson,"['https://archive.is/CtPuV', 'https://www.nbcnews.com/politics/white-house/comedian-michelle-wolf-sparks-fury-debate-roast-correspondents-dinner-n869931', 'https://www.cnn.com/2018/04/29/politics/michelle-wolf-whcd-takeaways/index.html', 'http://www.fakenewscodex.com/network/flagg-eagleton-network/']",https://archive.is/CtPuV,1,Mohamed
https://www.snopes.com/fact-check/russian-scientists-discover-cure-homosexuality/,"researchers at the russian institute for medical science discovered a new vaccine that may ""prevent"" or ""cure"" homosexuality in humans.",false,"['fake news', 'homosexuality', 'world news daily report']",2017/08/08,David Emery,"['http://archive.is/pNlJv', 'http://archive.is/ECRsJ', 'http://archive.is/liKHo', 'http://worldnewsdailyreport.com/russian-scientists-discover-cure-to-homosexuality/']",http://archive.is/ECRsJ,1,Mohamed
https://www.snopes.com/fact-check/emma-gonzalez-shooter-bullying/,parkland mass shooting survivor emma gonzÃ¡lez admitted to bullying a former student who later killed seventeen people.,false,"['Common Sense Conservative', 'disinformation', 'emma gonzalez', 'louder with crowder', 'parkland shooting', 'reddit']",2018/03/28,Arturo Garcia,"['http://archive.is/6KSYf', 'https://www.cnn.com/2018/02/16/us/exclusive-school-shooter-instagram-group/index.html', 'http://archive.is/bG43m', 'https://www.cnn.com/2018/02/17/us/florida-student-emma-gonzalez-speech/index.html']",http://archive.is/bG43m,1,Mohamed
https://www.snopes.com/fact-check/permanent-closure-walt-disney-world-due-hurricane-irma/,walt disney announced that they were permanently closing the fort wilderness campgrounds due to damage from hurricane irma.,false,"['breakingnews247', 'breakingnews247.net', 'disney', 'disney world', 'fake news', 'fort wilderness', 'prank news']",2017/09/14,Dan Evon,"['https://archive.is/E5H3R', 'https://archive.is/0pUCO', 'https://archive.is/anyoF#selection-1627.0-1635.281', 'https://archive.is/4tQk3']",https://archive.is/0pUCO,1,Mohamed
https://www.snopes.com/fact-check/david-brooks-trump-needs-to-decide-if-he-prefers-to-resign-be-impeached-or-get-assassinated/,"new york times columnist david brooks said that donald trump needed to decide if he'd rather 'resign, be impeached, or get assassinated.'",false,"['david brooks', 'donald trump', 'new york times', 'the rightists']",2016/11/14,Dan Evon,"['http://earlyradiohistory.us/kwtrivia.htm', 'http://www.nyradioguide.com/freqlist.htm', 'https://transition.fcc.gov/fcc-bin/fmq?call=KYRQ', 'http://archive.is/dtA34']",http://archive.is/dtA34,1,Mohamed
https://www.snopes.com/fact-check/merkels-hair-censored/,a screenshot of a saudi news story showing germany's leader with pixelated hair is a hoax.,false,"['angela merkel', 'germany', 'saudi arabia', ""women's rights""]",2017/05/04,Dan Evon,"['https://archive.is/fRx5S', 'http://alekhbariya.net/en', 'https://www.hrw.org/news/2017/04/28/how-was-saudi-arabia-voted-un-womens-panel', 'http://www.mofa.gov.sa/sites/mofaen/ServicesAndInformation/Letters/UnitedNations/CommissiononthestatusofWomen/Pages/ArticleID20153309472975.aspx']",https://archive.is/fRx5S,1,Mohamed
https://www.snopes.com/fact-check/scientists-miscalculate-solar-eclipse-actually-next-year/,"nasa scientists ""forgot to carry the one,"" miscalculating the date of an august 2017 solar eclipse by one year.",false,"['2017 solar eclipse', 'eclipse', 'solar eclipse', 'wyoming magazine']",2017/08/18,Kim LaCapria,"['https://archive.is/LUfOZ', 'https://www.facebook.com/visitwyoming/?rc=p', 'https://archive.is/v7QQX', 'https://www.facebook.com/wyomingmagazine/posts/2008554056042883']",https://archive.is/v7QQX,1,Mohamed
https://www.snopes.com/fact-check/only-60-of-1566-churches-in-houston-opened-to-help-hurricane-harvey-victims/,"only 60 of the 1,566 churches in houston opened to help the victims of hurricane harvey.",false,"['cajun navy', 'churches', 'floods', 'houston', 'joel osteen']",2017/08/31,"Dan Evon
Bethania Palma","['https://www.cbsnews.com/news/pastor-joel-osteen-lakewood-megachurch-houston-responds-to-harvey-backlash/', 'http://cajunrelief.org/', 'https://www.washingtonpost.com/news/post-nation/wp/2017/08/28/harvey-may-force-30000-people-into-shelters-while-flooding-will-linger-officials-warn/?hpid=hp_hp-top-table-main_no-name%3Ahomepage%2Fstory&utm_term=.86699220442e', 'https://archive.is/NuP7V', 'https://www.facebook.com/permalink.php?story_fbid=1505136462904635&id=1107029229382029', 'https://www.facebook.com/pg/The-Cajun-Navy-1107029229382029/about/?ref=page_internal', 'https://www.facebook.com/PastorKirbyjonCaldwell/posts/10155091434211374']",https://www.facebook.com/pg/The-Cajun-Navy-1107029229382029/about/?ref=page_internal,3,Mohamed
https://www.snopes.com/fact-check/phone-home-2/,a passenger on malaysia airlines flight 370 hid his cell phone in his rectum and used it to post a picture to the internet after the flight was hijacked and its passengers imprisoned.,false,['Audi R8'],,David Mikkelson,['http://archive.4plebs.org/pol/thread/27834494/'],http://archive.4plebs.org/pol/thread/27834494/,1,Mohamed
https://www.snopes.com/fact-check/quaranturkey/,hundreds of thousands of thanksgiving turkeys have been contaminated with ebola.,false,"['ebola', 'Fearbola']",,David Mikkelson,['http://dailybuzzlive.com/texas-turkey-farm-contaminated-ebola-holiday-turkeys-infected/'],http://dailybuzzlive.com/texas-turkey-farm-contaminated-ebola-holiday-turkeys-infected/,1,Mohamed
https://www.snopes.com/fact-check/social-insecurity/,president eisenhower once observed that a few texas oil millionaires wanted to abolish social security.,true,['social security'],,David Mikkelson,['http://web.archive.org/web/20051124190902/http://www.eisenhowermemorial.org/presidential-papers/first-term/documents/1147.cfm'],http://web.archive.org/web/20051124190902/http://www.eisenhowermemorial.org/presidential-papers/first-term/documents/1147.cfm,1,Mohamed
https://www.snopes.com/fact-check/ted-cruz-run-as-democrat/,ted cruz said he'd run as a democrat against donald trump if hillary clinton had to drop out of the 2016 presidential race.,false,"['donald trump', 'election 2016', 'hillary clinton', 'newslo', 'politicops', 'ted cruz']",2016/09/15,Kim LaCapria,['http://archive.is/Bmfud'],http://archive.is/Bmfud,1,Mohamed
https://www.snopes.com/fact-check/soros-shutdown-bribe/,hungarian-american billionaire george soros bribed three democratic senators to vote for a shutdown of the u.s. federal government.,false,"['george soros', 'ladies of liberty']",2018/01/22,David Mikkelson,['http://archive.is/RqNYt'],http://archive.is/RqNYt,1,Mohamed
https://www.snopes.com/fact-check/jk-rowling-house-troll/,harry potter author j.k. rowling exacted revenge on a twitter critic by monitoring his finances for two years and then buying his home.,false,"['harry potter', 'jk rowling']",2017/08/28,Dan MacGuill,['http://archive.is/oVMrp'],http://archive.is/oVMrp,1,Mohamed
https://www.snopes.com/fact-check/research-project-hiv-cure/,the trump administrationâs policies have halted a research effort seeking a cure for hiv.,true,"['abortion', 'fetal tissue', 'HIV']",2018/12/11,Alex Kasprak,"['https://www.sciencemag.org/news/2018/09/trump-administration-review-human-fetal-tissue-research', 'http://grantome.com/grant/NIH/ZIA-AI001141-06', 'https://www.sciencemag.org/news/2018/12/trump-administration-has-quietly-barred-nih-scientists-acquiring-fetal-tissue', 'https://www.ncbi.nlm.nih.gov/pmc/articles/PMC4155027/']",https://www.sciencemag.org/news/2018/12/trump-administration-has-quietly-barred-nih-scientists-acquiring-fetal-tissue,1,MartinSerrano
https://www.snopes.com/fact-check/maxine-waters-subpoena-trump/,"if democrats gain a majority in the house of representatives, maxine waters could become chair of a committee that has the power to subpoena president trumpâs bank records.",true,"['donald trump', 'maxine waters']",2018/07/02,Alex Kasprak,"['https://supreme.justia.com/cases/federal/us/418/683/#annotation', 'https://financialservices.house.gov/about/', 'https://www.bloomberg.com/news/articles/2018-06-26/democrats-stick-by-waters-for-finance-panel-despite-controversy', 'https://www.law.cornell.edu/cfr/text/26/301.7216-2']",https://www.bloomberg.com/news/articles/2018-06-26/democrats-stick-by-waters-for-finance-panel-despite-controversy,1,MartinSerrano
https://www.snopes.com/fact-check/baseball-player-moe-berg-spy/,"morris ""moe"" berg, a multilingual princeton university graduate who played major league baseball throughout the 1920s and '30s, lived a life of danger and intrigue as a u.s. military intelligence officer in europe during world war ii.",mostly true,"['baseball', 'moe berg', 'sports', 'spying', 'world war ii']",,David Emery,"['https://www.cia.gov/news-information/featured-story-archive/2007-featured-story-archive/moe-berg.html', 'https://www.si.com/vault/1992/03/23/126195/scholar-lawyer-catcher-spy-moe-berg-baseballs-renaissance-man-of-the-20s-and-30s-was-a-us-atomic-spy-in-world-war-ii#']",https://www.cia.gov/news-information/featured-story-archive/2007-featured-story-archive/moe-berg.html,1,MartinSerrano
https://www.snopes.com/fact-check/monsanto-modified-marijuana-patent/,monsanto has patented the first genetically modified strain of marijuana.,false,"['marijuana', 'world news daily report']",,David Mikkelson,"['https://www.cbc.ca/news/canada/newfoundland-labrador/eastern-health-privacy-breach-triggers-lawsuit-1.1195116', 'http://worldnewsdailyreport.com/monsanto-creates-first-genetically-modified-strain-of-marijuana/']",http://worldnewsdailyreport.com/monsanto-creates-first-genetically-modified-strain-of-marijuana/,1,MartinSerrano
https://www.snopes.com/fact-check/charlie-went-down-to-gitmo/,"charlie daniels penned the straight scoop, an essay about the alqaeda and taliban prisoners being held at guantanamo bay.",true.,[],,David Mikkelson,['http://web.archive.org/web/20030405125925/http://www.charliedaniels.com/soapbox/02/192.html'],http://web.archive.org/web/20030405125925/http://www.charliedaniels.com/soapbox/02/192.html,2,MartinSerrano
https://www.snopes.com/fact-check/dog-mayor-rabbit-hash/,a dog was elected as mayor of a small kentucky town.,mostly true,"['dogs', 'elections', 'kentucky', 'pit bulls']",2017/06/28,Dan Evon,"['http://web.archive.org/web/20170216031119/http://www.rabbithashhistsoc.org/lucy-lou-for-president-2016/', 'http://web.archive.org/web/20170216034322/http://www.rabbithashhistsoc.org/the-mayor/former-mayor-junior/', 'https://www.facebook.com/brynneth.pawltro/?ref=br_rs', 'https://www.rabbithash.com/', 'http://web.archive.org/web/20170216020740/http://www.rabbithashhistsoc.org/the-mayor/mayor-lucy-lou/', 'http://web.archive.org/web/20140122124748/http://www.rabbithashhistsoc.org:80/?page_id=72']",http://web.archive.org/web/20140122124748/http://www.rabbithashhistsoc.org:80/?page_id=72,1,carlostighe
https://www.snopes.com/fact-check/john-crawford-police-shooting-meme/,we evaluate the claims made in a viral 2018 meme about the police shooting death of john crawford iii.,mostly true,"['donald trump', 'national anthem protests', 'police shootings']",2018/08/14,Dan MacGuill,"['https://www.washingtonpost.com/news/the-watch/wp/2014/12/17/after-killing-john-crawford-ohio-police-then-berated-his-grieving-girlfriend/', 'https://www.facebook.com/hashtag/whytheykneel', 'https://www.wlwt.com/article/surveillance-video-and-911-audio-of-beavercreek-walmart-shooting/3024832', 'https://apnews.com/4e10f838a2644930a1ffa5c9a340a78b', 'https://www.apnews.com/5c37970007d14f93b14472d5da082542', 'https://web.archive.org/web/20180813154451/https://www.facebook.com/Voters4Equality/photos/a.181897791895448.48216.159907557427805/1498883893530158/?type=3&theater', 'https://www.cincinnati.com/story/news/politics/2014/09/05/walmart-shooting-victim-figuring-next-step/15125291/', 'https://www.justice.gov/usao-sdoh/pr/federal-officials-close-review-fatal-shooting-john-crawford-iii', 'https://www.cincinnati.com/story/news/courts/2014/09/21/grand-jury-convenes-beavercreek-walmart-police-involved-shooting-john-crawford-iii/16030327/', 'http://archive.is/Iha08', 'https://www.facebook.com/hashtag/whywekneel']",https://www.cincinnati.com/story/news/politics/2014/09/05/walmart-shooting-victim-figuring-next-step/15125291/,1,carlostighe
https://www.snopes.com/fact-check/bug-spray-high/,"health officials have seen a surge in the number of people using ""bug spray"" to get high.",mostly false,"['bug spray', 'daily mail', 'drug trends', 'methamphetamines', 'spice']",2018/03/29,Alex Kasprak,"['http://archive.is/g4E7n', 'https://www.epa.gov/ingredients-used-pesticide-products/pyrethrins-and-pyrethroids', 'https://www.leafly.com/news/cannabis-101/what-is-synthetic-marijuana-and-why-is-it-dangerous', 'https://www.indystar.com/story/news/crime/2018/02/01/wheeler-mission-says-least-17-guests-have-overdosed-bath-salts-week/1088153001/', 'https://www.indystar.com/story/news/crime/2018/03/18/think-what-its-doing-your-brain-using-bug-spray-get-high/426668002/', 'http://archive.is/iN4F4']",http://archive.is/g4E7n,1,carlostighe
https://www.snopes.com/fact-check/senomyx-flavor-additive/,products from pepsi and other major food producers are 'manufactured using the tissue of aborted human babies.',false,"['pepsi', 'senomyx']",2012/03/18,David Mikkelson,"['http://patft.uspto.gov/netacgi/nph-Parser?Sect1=PTO2&Sect2=HITOFF&u=%2Fnetahtml%2FPTO%2Fsearch-adv.htm&r=0&f=S&l=50&d=PTXT&RS=%28HEK-293+AND+Senomyx%29&Refine=Refine+Search&Refine=Refine+Search&Query=Senomyx', 'http://www.senomyx.com/', 'http://www.patentgenius.com/patent/7344859.html', 'http://www.hek293.com/', 'http://archive.is/C9vqe']",http://archive.is/C9vqe,1,carlostighe
https://www.snopes.com/fact-check/chocolate-extinct-40-years/,chocolate is on track to go extinct in 40 years.,false,[''],2018/01/02,Alex Kasprak,"['http://archive.is/wYdiT#selection-917.258-929.68', 'http://archive.is/wYdiT#selection-877.0-877.116', 'https://www.usatoday.com/story/money/nation-now/2018/01/02/m-ms-maker-fears-chocolate-shortage-2050-report-says/996962001/', 'https://www.climate.gov/news-features/climate-and/climate-chocolate', 'http://archive.is/wYdiT', 'https://www.wired.com/story/what-is-crispr-gene-editing/']",http://archive.is/wYdiT#selection-877.0-877.116,1,carlostighe
https://www.snopes.com/fact-check/new-study-marijuana-crohns/,"a ""new"" study has demonstrated that marijuana leads to a ""complete remission"" of crohn's disease.",false,"['cannabis', 'celebrity health', ""crohn's"", ""crohn's disease"", 'inflammatory bowel disease', 'marijuana', 'remission', 'reportcelebs']",2018/04/25,Alex Kasprak,"['http://archive.is/UZaJN', 'https://www.ncbi.nlm.nih.gov/pmc/articles/PMC4636852/', 'http://archive.is/chc3B', 'http://archive.is/ECJyi', 'http://archive.is/T4ZwJ', 'http://archive.is/u27f5', 'http://archive.is/tYGMi', 'https://www.ncbi.nlm.nih.gov/pubmed/23648372', 'http://archive.is/wNWJ1', 'https://www.ncbi.nlm.nih.gov/pubmed/1248701', 'https://www.ncbi.nlm.nih.gov/pubmed/24407485', 'http://archive.is/S82Qz', 'http://archive.is/emiDX', 'https://clinicaltrials.gov/ct2/show/NCT01040910', 'http://archive.is/vFAix']",https://www.ncbi.nlm.nih.gov/pubmed/23648372,1,carlostighe
https://www.snopes.com/fact-check/el-paso-border-barrier-crime/,el paso was one of the u.s. most dangerous cities before a border fence was built there.,false,"['border wall', 'donald trump']",2019/02/06,Bethania Palma,"['https://www.elpasotimes.com/story/news/politics/2019/01/10/el-paso-crime-rate-topic-in-trump-roundtable-to-support-border-wall/2539838002/', 'https://www.fbi.gov/services/cjis/ucr', 'https://www.elpasotimes.com/story/news/politics/2019/02/05/fact-check-state-union-trump-el-paso-crime-rate-fence/2784362002/', 'https://www.ucrdatatool.gov/Search/Crime/Local/RunCrimeTrendsInOneVarLarge.cfm', 'https://www.whitehouse.gov/briefings-statements/president-donald-j-trumps-state-union-address-2/', 'https://web.archive.org/web/20190206230517/https://cbs4local.com/news/local/border-fence-didnt-make-el-paso-safer-from-violent-crimes-02-06-2019', 'https://realestate.usnews.com/places/texas/el-paso', 'https://www.washingtonpost.com/politics/2019/live-updates/trump-white-house/live-fact-checking-and-analysis-of-trumps-2019-state-of-the-union-address/trump-is-wrong-about-crime-in-el-paso/']",https://www.whitehouse.gov/briefings-statements/president-donald-j-trumps-state-union-address-2/,1,carlostighe
https://www.snopes.com/fact-check/never-boil-water-twice/,boiling the same water twice will make your water dangerous to drink.,mostly false,['reboiled water'],2015/11/12,"Alex Kasprak
Kim LaCapria","['https://www.cdc.gov/mmwr/preview/mmwrhtml/rr5014a1.htm', 'https://www.ncbi.nlm.nih.gov/pubmed/23764594', 'http://www.wolframalpha.com/input/?i=((0.8+mg*75)%2F12+oz)+(12+oz)+%3D+(4+mg%2FL)+(x+L)', 'http://archive.is/MXxIT', 'https://www.cdc.gov/nchs/fastats/body-measurements.htm', 'https://www.ncbi.nlm.nih.gov/pmc/articles/PMC3214982/', 'http://www.wolframalpha.com/input/?i=(99.6+mg%2F12+oz)+(12+oz)+%3D+(10+ug%2FL)+(x+L)&rawformassumption=%22UnitClash%22+-%3E+%7B%22L%22,+%7B%22Liters%22%7D%7D&rawformassumption=%22UnitClash%22+-%3E+%7B%22mg%22,+%7B%22Milligrams%22%7D%7D&rawformassumption=%22UnitClash%22+-%3E+%7B%22oz%22,+%7B%22FluidOunces%22%7D%7D', 'https://www.ncbi.nlm.nih.gov/pubmed/19285338', 'http://www.wolframalpha.com/input/?i=(10+ug%2FL)(1.9+L)+%3D+(50+ug%2FL)(x+L)']",http://archive.is/MXxIT,1,carlostighe
https://www.snopes.com/fact-check/cashews-equivalent-to-a-dose-of-prozac/,"two handfuls of cashews are equivalent to one dose of prozac in treating depression, and can be safely substituted for prescribed drugs.",false,"['antidepressants', 'dangerous memes', 'david avocado wolfe', 'depression', 'newz magazine']",2016/12/30,Kim LaCapria,"['https://www.ncbi.nlm.nih.gov/pubmed/19758520', 'https://en.wikipedia.org/wiki/Tryptophan', 'https://www.ncbi.nlm.nih.gov/pmc/articles/PMC181183/#s3title', 'http://archive.is/9n36j', 'https://www.psychologytoday.com/articles/200309/tryptophan-what-does-it-do', 'http://archive.is/wV4uh']",http://archive.is/9n36j,1,carlostighe
https://www.snopes.com/fact-check/bernie-sanders-evil-billionaire/,"u.s. sen. bernie sanders called businessman robert f. smith an ""evil billionaire"" and criticized him for donating money to graduating college students, rather than the federal government.",false,[''],2019/05/23,Dan MacGuill,"['https://www.sanders.senate.gov/download/collegeforall/?inline=file', 'http://archive.is/aRcwo', 'http://archive.is/tO7sH', 'http://archive.is/jNWKE', 'http://archive.is/y0E24', 'http://archive.is/YJhRI']",http://archive.is/YJhRI,1,carlostighe
https://www.snopes.com/fact-check/surgeon-clinton-foundation-corruption-haiti/,a u.s. surgeon who exposed âclinton foundation corruption in haitiâ was found dead in his home under suspicious circumstances.,false,"['bill clinton', 'clinton body bags', 'clinton body count', 'clinton foundation', 'Haiti', 'hillary clinton', 'your news wire']",2017/12/14,Alex Kasprak,"['https://www.washingtonpost.com/politics/how-the-clintons-haiti-development-plans-succeed--and-disappoint/2015/03/20/0ebae25e-cbe9-11e4-a2a7-9517a3a70506_story.html', 'http://archive.is/dpNQn', 'https://www.washingtonpost.com/news/fact-checker/wp/2016/06/13/did-the-clinton-foundation-raise-hundreds-of-millions-of-dollars-for-a-hospital-in-haiti-that-was-never-built/?utm_term=.c07d05a0163b', 'http://archive.is/qCEXD', 'http://archive.is/Y7cBo', 'http://www.slate.com/articles/news_and_politics/politics/2016/09/the_truth_about_the_clintons_and_haiti.html', 'http://archive.is/94c2j', 'http://archive.is/dpNQn#selection-833.0-837.84', 'https://archive.is/w14fw']",http://archive.is/dpNQn,1,carlostighe
https://www.snopes.com/fact-check/is-epa-allowing-asbestos-products/,the environmental protection agency will allow new asbestos products to enter the market.,mostly true,"['asbestos', 'carcinogen', 'environmental protection agency', 'scott pruitt', 'trump administration']",2018/06/11,Alex Kasprak,"['https://www.epa.gov/newsreleases/epa-takes-three-important-steps-ensure-chemical-safety-under-lautenberg-act-proposes', 'https://www.epa.gov/laws-regulations/summary-toxic-substances-control-act', 'https://www.eenews.net/greenwire/stories/1060083229', 'https://saferchemicals.org/2018/08/09/why-is-everyone-tweeting-about-a-snur-for-that-matter-what-is-a-snur/', 'https://int.nyt.com/data/documenthelper/147-epa-asbestos-emails/367a5f246d37b60f5697/optimized/full.pdf#page=1', 'https://www.scientificamerican.com/article/trump-rsquo-s-epa-may-be-weakening-chemical-safety-law/']",https://www.epa.gov/newsreleases/epa-takes-three-important-steps-ensure-chemical-safety-under-lautenberg-act-proposes,1,carlostighe
https://www.snopes.com/fact-check/joe-biden-put-yall-back-in-chains/,"sen. joe biden told an audience which included hundreds of african americans that republican economic policies would ""put y'all back in chains.""",true,['joe biden'],2019/05/15,David Emery,"['https://thecaucus.blogs.nytimes.com/2012/08/14/biden-warns-romney-policies-would-put-crowd-back-in-chains/', 'https://www.richmond.com/news/biden-we-need-to-finish-what-obama-started/article_54957b91-07f2-50f2-a964-7ad869c070d9.html', 'https://www.cbsnews.com/news/rangel-bidens-gaffe-was-clearly-about-slavery/', 'https://www.c-span.org/video/?307584-1/vice-president-joe-biden-danville-virginia', 'https://wtvr.com/2012/08/16/doug-wilder-on-joe-biden/']",https://thecaucus.blogs.nytimes.com/2012/08/14/biden-warns-romney-policies-would-put-crowd-back-in-chains/,1,carlostighe
https://www.snopes.com/fact-check/michelle-wolf-hulu-special/,hulu cancelled plans to stream comedian michelle wolfâs standup special after her appearance at the 2018 white house correspondents dinner.,false,['daily world update'],2018/04/29,David Mikkelson,"['http://archive.is/Ksuif', 'https://www.nbcnews.com/politics/white-house/comedian-michelle-wolf-sparks-fury-debate-roast-correspondents-dinner-n869931', 'https://www.hulu.com/press/executive/', 'https://www.cnn.com/2018/04/29/politics/michelle-wolf-whcd-takeaways/index.html', 'http://www.fakenewscodex.com/network/flagg-eagleton-network/']",http://archive.is/Ksuif,1,carlostighe
https://www.snopes.com/fact-check/has-indictment-been-issued-uranium-one/,a maryland man has been indicted in connection with the uranium one investigation.,false,"['clinton foundation', 'conspiracy theories', 'daily wire', 'uranium one']",,Bethania Palma,"['https://www.yahoo.com/news/doubts-surface-key-witness-uranium-one-probe-clinton-203614558.html', 'https://archive.fo/DDCbG', 'https://www.justice.gov/criminal-fraud/foreign-corrupt-practices-act', 'https://www.fredericknewspost.com/news/crime_and_justice/cops_and_crime/feds-indict-dragon-distillery-owner-for-international-financial-crimes-tied/article_909ce3bb-9e43-5862-876d-af2897cbf1d5.html', 'https://archive.fo/ACfcP', 'https://www.justice.gov/opa/pr/russian-nuclear-energy-official-pleads-guilty-money-laundering-conspiracy-involving', 'https://archive.fo/jiO5s', 'https://archive.fo/MXgIx', 'https://archive.fo/Ib0jS', 'https://www.justice.gov/usao-md/pr/russian-national-and-three-others-charged-kickback-scheme-obtain-contracts-transport', 'https://www.justice.gov/opa/pr/former-president-maryland-based-transportation-company-indicted-11-counts-related-foreign']",https://archive.fo/DDCbG,1,carlostighe
https://www.snopes.com/fact-check/ca-democrats-lgbtq-bill-pedophiles/,california senate bill 145 would shield pedophiles who rape children from having to register as sex offenders.,mostly false,['the washington pundit'],2019/02/28,David Emery,"['https://sd11.senate.ca.gov/news/20190122-senator-wiener-introduces-legislation-end-discrimination-against-lgbt-people-regarding', 'https://web.archive.org/web/20190223185752/https://thewashingtonpundit.com/2019/02/21/ca-democrats-introduce-lgbtq-bill-that-would-protect-pedophiles-who-rape-children/', 'https://thewashingtonpundit.com/2019/02/21/ca-democrats-introduce-lgbtq-bill-that-would-protect-pedophiles-who-rape-children/', 'http://leginfo.legislature.ca.gov/faces/billTextClient.xhtml?bill_id=201920200SB145', 'https://codes.findlaw.com/ca/penal-code/pen-sect-288-3.html']",https://web.archive.org/web/20190223185752/https://thewashingtonpundit.com/2019/02/21/ca-democrats-introduce-lgbtq-bill-that-would-protect-pedophiles-who-rape-children/,1,mdaquin
https://www.snopes.com/fact-check/incurable-mexican-blood-flu/,a form of tuberculosis dubbed âmexican blood fluâ is being brought into the u.s. by immigrants crossing the southern border.,false,[''],2019/05/17,Alex Kasprak,"['http://archive.fo/mKPhu', 'https://www.azcentral.com/story/news/politics/border-issues/2019/04/23/while-republicans-visited-yuma-bogus-tuberculosis-scare-us-mexico-border/3556142002/', 'http://archive.fo/YaENM', 'https://www.sourcewatch.org/index.php/Institute_for_Natural_Healing', 'https://www.apnews.com/68d4e49316e143788f190ee21720997e', 'https://www.motherjones.com/politics/2015/12/agora-huckabee-conservative-bible-cures/', 'http://archive.fo/hRFdC']",http://archive.fo/mKPhu,1,mdaquin
